,Brand Name,Product Name,Price(₹),Rating,Number of Ratings,Exchange,Expected Delivery,Availablitiy,Details,Product URL
0,HP,"HP 14 11th Gen Intel Core i5 Processor 14-inch(35.6 cm) FHD Laptop (8GB/512GB/Windows 10/MS Office/Natural Silver/1.46Kg), 14s-dr2016tu","₹58,990.00",4.2 out of 5 stars,402 ratings,"With Exchange Up to 17,750.00 off","Sunday, Aug 22",In stock.,"About this itemProcessor: 11th Gen Intel Core i5-1135G7 (up to 4.2 GHz max boost clock, 8 MB L3 cache, 4 cores)Memory: 8 GB DDR4-2666 SDRAM (1 x 8 GB), upgradable up to 16 GB (2 x 8 GB) | Storage: 512 GB PCIe NVMe M.2 SSDDisplay: 14-Inch (35.6 cm) FHD IPS anti-glare micro-edge, 250 nits, 45% NTSC (1920 x 1080)Operating System & Software: Pre-loaded Windows 10 Home with lifetime validity | Pre-installed Microsoft Office Home & Student 2019, Alexa Built-inGraphics: Intel Iris Xe Graphics› See more product details",https://www.amazon.in/gp/slredirect/picassoRedirect.html/ref=pa_sp_atf_aps_sr_pg1_1?ie=UTF8&adId=A03126492WD7VIC4OPNI2&url=%2FHP-Processor-14-inch-Windows-14s-dr2016tu%2Fdp%2FB092MS22P1%2Fref%3Dsr_1_1_sspa%3Fdchild%3D1%26keywords%3Dlaptop%26qid%3D1629381777%26sr%3D8-1-spons%26psc%3D1&qualifier=1629381777&id=7691646463099656&widgetName=sp_atf
1,HP,"HP Pavilion (2021) Thin & Light 11th Gen Core i5 Laptop, 16 GB RAM, 512GB SSD, Iris Xe Graphics, 14-inch (35.56 cms) FHD Screen, Win 10, MS Office, Backlit Keyboard, Natural Silver (14-dv0054TU)","₹66,990.00",4.4 out of 5 stars,826 ratings,"With Exchange Up to 17,750.00 off","Sunday, Aug 22",In stock.,"About this itemProcessor: 11th Gen Intel Core i5-1135G7 (up to 4.2 GHz with Intel Turbo Boost Technology, 8 MB L3 cache, 4 cores)Operating System & Software: Pre-loaded Windows 10 Home with lifetime validity| Microsoft Office Home & Office 2019, Alexa Built-inDisplay: 14-inch FHD (1920x1080) IPS Anti-Glare Panel with 45% NTSC, 250 nits, 157ppiMemory & Storage: 16GB DDR4-3200 SDRAM (2x8 GB) | 512 GB PCIe NVMe M.2 SSDGraphics: Intel Iris Xe Graphics› See more product details",https://www.amazon.in/gp/slredirect/picassoRedirect.html/ref=pa_sp_atf_aps_sr_pg1_1?ie=UTF8&adId=A031289316UGOI50JM5UU&url=%2FHP-Pavilion-Graphics-Keyboard-14-dv0054TU%2Fdp%2FB08WBB369L%2Fref%3Dsr_1_2_sspa%3Fdchild%3D1%26keywords%3Dlaptop%26qid%3D1629381777%26sr%3D8-2-spons%26psc%3D1&qualifier=1629381777&id=7691646463099656&widgetName=sp_atf
2,AVITA,"AVITA Essential NE14A2INC433-CR 14"" (35.56cms)Laptop (Celeron N4000/4GB/128GB SSD/Window 10 Home in S Mode/Integrated Graphics), Concrete Grey","₹22,990.00",3.9 out of 5 stars,"1,059 ratings","With Exchange Up to 17,750.00 off","Tuesday, Aug 24",Only 1 left in stock.,"About this itemProcessor: Celeron N4000 processor, 1.10 GHz base processor speed, 2.60 GHz Max speedOperating System:Pre-loaded Windows 10 Home in S Mode | In the box Laptop, AC Adapter, User Guide, ManualsDisplay: 14-inch screen (1920X1080) FHD display | Connectivity: 802.11 b/g/n/ac Wi-Fi and Bluetooth 4.0Memory & Storage: 4 GB DDR4 RAM with intel integrated UHD Graphics | Storage: 128 GB SSDDesign and battery: Thin and light Laptop| Laptop weight 1.37kg |Alluminum Body| Battery Life: Upto 6 Hours as per MobileMarkPorts and Optical Drive: USB 3.0 Type A x 2 , Full Size HDMI x 1, Micro SD Card Reader, |No Optical DriveThis genuine Avita Laptop comes with 18+6 months onsite domestic warranty from Avita covering manufacturing defects and not covering physical damage. For more details, see Warranty section› See more product details",https://www.amazon.in/AVITA-Essential-NE14A2INC433-CR-Integrated-Graphics/dp/B08DDYYZ3G/ref=sr_1_3?dchild=1&keywords=laptop&qid=1629381777&sr=8-3
3,HP,"HP 15 AMD Athlon 15.6"" (39.62cms) HD Laptop (Silver-3050U/4GB/1TB/Win 10/MS Office/Jet Black/1.85kg), 15s-gy0001au","₹29,630.00",3.5 out of 5 stars,319 ratings,"With Exchange Up to 17,750.00 off","Sunday, Aug 22",In stock.,"About this itemProcessor: AMD Athlon Silver 3050U (2.3 GHz base clock, up to 3.2 GHz max boost clock, 4 MB L3 cache, 2 cores)Memory & Storage: 4 GB DDR4 2400 SDRAM (1 x 4 GB) | Storage: 1 TB 5400 rpm SATA HDDDisplay: 15.6-inch diagonal, HD (1366 x 768), micro-edge, BrightView, 220 nits, 45% NTSCOperating System: Preloaded Windows 10 Home with lifetime validityKeyboard: Full-size, jet black keyboard with numeric keypad | Precision Touchpad Support | Touchpad with multi-touch gesture supportDesign and Battery: Laptop weight: 1.85 Kg | Micro-edge Bezel | 3-cell, 41 Wh Li-ion BatteryPorts: 1 SuperSpeed USB Type-C (5Gbps), 2 SuperSpeed USB Type-A (5Gbps), 1 HDMI 1.4b, 1 RJ-45, 1 AC smart pin, 1 headphone/microphone combo.",https://www.amazon.in/HP-Athlon-15-6-inch-Silver-3050U-15s-gy0001au/dp/B08HJYFZ14/ref=sr_1_4?dchild=1&keywords=laptop&qid=1629381777&sr=8-4
4,ASUS,"ASUS VivoBook 15 (2020), 39.6 cm HD, Dual Core Intel Celeron N4020, Thin and Light Laptop (4GB RAM/256GB SSD/Integrated Graphics/Windows 10 Home/Transparent Silver/1.8 Kg), X515MA-BR002T","₹24,990.00",4.1 out of 5 stars,423 ratings,"With Exchange Up to 17,750.00 off",Aug 25 - 28,"In stock on August 23, 2021.","About this itemProcessor: Intel Celeron N4020, 1.1 GHz Base Speed, Up to 2.8 GHz TurboBoost Speed , 4MB Cache, 2 cores, 2 ThreadsMemory & Storage: 4GB DDR4 2400MHz SO-DIMM, Upgradeable Up to 8GB using 2x SO-DIMM Slot with | Storage: 256GB SSD M.2 NVMe PCIe 3.0 with 1x 6.35 cm SATA Slot for SSD/HDD Storage expansionGraphics: Integrated Intel UHD Graphics 600Display: 39.6 cm (15.6) HD (1366 x 768) 16:9 LED Backlit LCD, Anti-glare display, NTSC: 45%, Screen-to-body ratio: 83 %Operating System: Pre-loaded Windows 10 Home with lifetime validityDesign & battery: Up to 19.9cm Thin | NanoEdge Bezels | Thin and Light Laptop | Laptop weight: 1.8 kg | 37WHrs, 2-cell Li-ion battery | Up to 6 hours battery life ;Note: Battery life depends on conditions of usageKeyboard: Chiclet Keyboard with 1.4mm Key Travel.",https://www.amazon.in/ASUS-VivoBook-Integrated-Transparent-X515MA-BR002T/dp/B08CKY5XX3/ref=sr_1_5?dchild=1&keywords=laptop&qid=1629381777&sr=8-5
5,Acer,"Acer Extensa 15 Thin & Light Laptop Intel Processor Pentium Silver N5030 15.6 inch (35.56 cms) (4GB RAM/1TB HDD/Windows 10/Integrated Graphic Card/Black/1.9 Kg),EX215-31","₹29,990.00",3.8 out of 5 stars,172 ratings,"With Exchange Up to 17,750.00 off","Monday, Aug 23",Only 2 left in stock.,"About this item𝗙𝗮𝘀𝘁 𝗮𝗻𝗱 𝗘𝗮𝘀𝘆 𝗖𝗼𝗺𝗽𝘂𝘁𝗶𝗻𝗴 :Perfect budget laptop under 30000 for students and working professionals that helps get jobs done quickly and efficiently thanks to the Intel Pentium Silver N5030 processor.𝗥𝗲𝗳𝗶𝗻𝗲𝗱 𝗗𝗲𝘀𝗶𝗴𝗻 𝗮𝗻𝗱 𝗟𝗶𝗴𝗵𝘁 𝗪𝗲𝗶𝗴𝗵𝘁:The latest Extensa Acer Laptop has been redesigned to be thinner and lighter than ever. With less than 20mm thin and with a weight of around 1.9kg, it can accompany you wherever you need to go𝗘𝗮𝘀𝗲 𝗼𝗳 𝗦𝘁𝗼𝗿𝗮𝗴𝗲: 4 GB RAM Laptop with 1 TB HDD helps easily store and share important projects and data𝗘𝗻𝗵𝗮𝗻𝗰𝗲𝗱 𝗩𝗶𝗱𝗲𝗼 𝗖𝗼𝗻𝗳𝗲𝗿𝗲𝗻𝗰𝗶𝗻𝗴 𝗮𝗻𝗱 𝗚𝗼𝗼𝗱 𝗕𝗮𝘁𝘁𝗲𝗿𝘆 𝗟𝗶𝗳𝗲: The Extensa 15 will help improve your all-round video conferencing experience. It maintains a strong, consistent wireless signal with the strategically placed Wi-Fi 5 (802.11ac) wireless antenna and MU-MIMO. It also offers battery life upto 6.5 hours.𝗔𝗱𝗱𝗶𝘁𝗶𝗼𝗻𝗮𝗹 𝗕𝗲𝗻𝗲𝗳𝗶𝘁𝘀 𝗮𝗻𝗱 𝗖𝘂𝘀𝘁𝗼𝗺𝗲𝗿 𝗦𝘂𝗽𝗽𝗼𝗿𝘁 𝗗𝗲𝘁𝗮𝗶𝗹𝘀: The Laptop comes with Windows 10 Home and 1 year International Travellers Warranty.Call 1800-11-6677 to reach out to Acer customer support team for any queries› See more product details",https://www.amazon.in/Acer-Extensa-Processor-Integrated-EX215-31/dp/B095BYNN8Z/ref=sr_1_6?dchild=1&keywords=laptop&qid=1629381777&sr=8-6
6,HP,"HP 15 (2021) Thin & Light Ryzen 3-3250 Laptop, 8 GB RAM, 1TB HDD, 39.62 cms (15.6"") FHD Screen, Windows 10, MS Office (15s-gr0011AU)","₹37,590.00",3.8 out of 5 stars,"1,251 ratings","With Exchange Up to 17,750.00 off","Wednesday, Aug 25",In stock.,"About this itemProcessor: AMD Ryzen 3 3250U (2.6 GHz base clock, up to 3.5 GHz max boost clock, 4 MB L3 cache, 2 cores)Operating System & Preinstalled Software: Windows 10 Home | Microsoft Office Home & Student 2019Display: 15.6-inch FHD (1920 x 1080), IPS, micro-edge, anti-glare, 250 nits, 45% NTSCMemory & Storage: 8 GB DDR4-2400 SDRAM (1 x 8 GB), Upgradable to 16 GB | 1TB HDD 5400 RPMGraphics: AMD Radeon Vega 6 GraphicsDesign & Battery: Thin and light design | Laptop weight: 1.76 kg | Upto 12 hours of Battery life, 3-cell, 41 Wh Li-ion Fast Charge BatteryCamera & Microphone: HP TrueVision HD camera with integrated dual array digital microphone.",https://www.amazon.in/HP-3-3250-Laptop-Windows-15s-gr0011AU/dp/B08T6SJ215/ref=sr_1_7?dchild=1&keywords=laptop&qid=1629381777&sr=8-7
7,HP,"HP Pavilion (2021) Thin & Light 11th Gen Core i5 Laptop, 16 GB RAM, 512GB SSD, Iris Xe Graphics, 14-inch (35.56 cms) FHD Screen, Win 10, MS Office, Backlit Keyboard, Tranquil Pink (14-dv0055TU)","₹66,490.00",4.4 out of 5 stars,826 ratings,"With Exchange Up to 17,750.00 off","Sunday, Aug 22",In stock.,"About this itemProcessor: 11th Gen Intel Core i5-1135G7 (up to 4.2 GHz with Intel Turbo Boost Technology, 8 MB L3 cache, 4 cores)Operating System & Software: Pre-loaded Windows 10 Home with lifetime validity| Microsoft Office Home & Office 2019, Alexa Built-inDisplay: 14-inch FHD (1920x1080) IPS Anti-Glare Panel with 45% NTSC, 250 nitsMemory & Storage: 16GB DDR4-3200 SDRAM (2x8 GB) | 512 GB PCIe NVMe M.2 SSDGraphics: Intel Iris Xe Graphics› See more product details",https://www.amazon.in/HP-Pavilion-Laptop-Graphics-14-dv0055TU/dp/B0953DD9FC/ref=sr_1_8?dchild=1&keywords=laptop&qid=1629381777&sr=8-8
8,HP,"HP 15 Thin & Light Ryzen 3-3250 Laptop, 4 GB RAM, 1TB HDD, 38.1 cms (15"") FHD Screen, Windows 10, MS Office (15s-gr0006au)","₹32,990.00",3.3 out of 5 stars,479 ratings,"With Exchange Up to 17,750.00 off","Sunday, Aug 22",In stock.,"About this itemProcessor: AMD Ryzen 3 3250U (2.6 GHz base clock, up to 3.5 GHz max boost clock, 4 MB L3 cache, 2 cores)Memory and Storage: 4 GB DDR4-2400 SDRAM (1 x 4 GB), 1TB 5400rpm hard drive. Battery life video playback : Up to 8 hoursDisplay and Graphics: 39.6 cm (15.6"") diagonal, HD (1366 x 768), micro-edge, BrightView, 220 nits, 45% NTSC; AMD Radeon GraphicsOperating System: Windows 10 Home operating system; Microsoft Office 2019 - Home and Student EditionConnectivity Ports: 1 SuperSpeed USB Type-C 5Gbps signaling rate; 2 SuperSpeed USB Type-A 5Gbps signaling rate; 1 HDMI 1.4b; 1 RJ-45; 1 AC smart pin; 1 headphone/microphone comboDimensions and Weight: 35.85 x 24.2 x 1.99 cm; Starting at 1.74 kg› See more product details",https://www.amazon.in/HP-db1060au-Laptop-Ryzen3-Microsoft-Natural/dp/B083SNGBLF/ref=sr_1_9?dchild=1&keywords=laptop&qid=1629381777&sr=8-9
9,HP,"HP Chromebook x360 Intel Celeron N4020 Processor 12-inch (30.48 cms) Touchscreen Laptop (4GB/64GB eMMC Storage/Chrome OS/Natural Silver), 12b-ca0010TU","₹29,990.00",4.1 out of 5 stars,245 ratings,"With Exchange Up to 17,750.00 off",Sep 28 - 30,"In stock on September 26, 2021.",About this itemGraphics: Intel UHD Graphics 600Operating System: Chrome OSMemory & Storage: 4GB DDR4 RAM | 64 GB eMMC storageCamera & Microphone: HP TrueVision HD camera with integrated dual array digital microphone› See more product details,https://www.amazon.in/HP-Chromebook-12b-ca0010TU-Touchscreen-Integrated/dp/B08C5WSTR6/ref=sr_1_10?dchild=1&keywords=laptop&qid=1629381777&sr=8-10
10,Hitachi,"(Renewed) Hitachi Flora Laptop SE210 AMD E1-2100 Processor, 4 GB Ram & 128 GB SSD, Windows 10 Lite, 13.3 Inches (No Webcam) Ultralight 1.2Kg Notebook Computer","₹14,990.00",-,-,"With Exchange Up to 11,550.00 off","Wednesday, Aug 25",In stock.,"About this itemWin 10 Lite, 13.3 Inches (No Webcam) Ultralight 1.2Kg Notebook ComputerProcessor Type: AMD E1-2100 ProcessorRAM: 4 GB, Laptop Memory: 128 GB SSDPackage Contents: 1 Hitachi Flora Laptop› See more product details",https://www.amazon.in/gp/slredirect/picassoRedirect.html/ref=pa_sp_mtf_aps_sr_pg1_1?ie=UTF8&adId=A082556210HO6J6H7AXAJ&url=%2FHitachi-Processor-Ultralight-Notebook-Computer%2Fdp%2FB09BS6FPWF%2Fref%3Dsr_1_11_sspa%3Fdchild%3D1%26keywords%3Dlaptop%26qid%3D1629381777%26sr%3D8-11-spons%26psc%3D1&qualifier=1629381777&id=7691646463099656&widgetName=sp_mtf
11,HP,"HP 15 11th Gen Intel Core i3 Processor 15.6"" (39.62cms) FHD Laptop (8GB/256GB SSD/Win 10/MS Office/Integrated Graphics/Jet Black/1.69 Kg), 15s-fq2075TU","₹41,490.00",4.0 out of 5 stars,151 ratings,"With Exchange Up to 17,750.00 off","Tuesday, Aug 24",In stock.,"About this itemProcessor: 11th Gen Intel Core i3-1115G4 (up to 4.1 GHz with Intel Turbo Boost Technology, 6 MB L3 cache, 2 cores)Memory: 8 GB DDR4-2666 SDRAM (1 x 8 GB) | Storage: 256 GB PCIe NVMe M.2 SSDDisplay: 15.6-Inch FHD IPS anti-glare micro-edge WLED-backlit, 250 nits, 45% NTSC (1920 x 1080)Graphics: Intel UHD GraphicsOperating System & Pre-installed Software: Pre-loaded Windows 10 Home with lifetime validity, Microsoft Office Home & Student 2019› See more product details",https://www.amazon.in/gp/slredirect/picassoRedirect.html/ref=pa_sp_mtf_aps_sr_pg1_1?ie=UTF8&adId=A031427721N2WH4RIDES8&url=%2FHP-Processor-39-62cms-Integrated-15s-fq2075TU%2Fdp%2FB08XNXJDVX%2Fref%3Dsr_1_12_sspa%3Fdchild%3D1%26keywords%3Dlaptop%26qid%3D1629381777%26sr%3D8-12-spons%26psc%3D1&qualifier=1629381777&id=7691646463099656&widgetName=sp_mtf
12,HP,"HP Chromebook 14a-na0003TU 14-inch (35.56 cms) Thin & Light Touchscreen Laptop (Intel N4020/4GB/64GB SSD + 256GB Expandable/Chrome OS/1.46 kgs Light), Mineral Silver","₹27,990.00",3.9 out of 5 stars,613 ratings,"With Exchange Up to 17,750.00 off","Sunday, Aug 22",In stock.,"About this itemGOOGLE ASSISTANT: Voice-Enabled Google Assistant built-in, work faster and smarter without lifting a finger or switching screens. Ask questions, set reminders, play videos, control your home, and more. Make Google do it.BOOTS IN SECONDS: Powered by Chrome OS with automatic software updates so youâll always have the latest virus protection. It starts up in less than 10 seconds, stays fast throughout the day, and wonât slow down over timePROCESSOR: Intel Celeron N4020 (1.1 GHz base frequency, up to 2.8 GHz burst frequency, 4 MB L2 cache, 2 cores)APPS: Access to favorite apps from Google Play like Google Drive, Gmail, YouTube, Evernote, Slack, Infinite Painter, Lightroom, Whatsapp, MS Office and many moreMEMORY & STORAGE: 4 GB DDR4-2400 SDRAM | HARD DRIVE: 64 GB eMMC | Expandable up to 256 GB | 100 GB Google Drive storage› See more product details",https://www.amazon.in/HP-Chromebook-14a-na0003TU-Touchscreen-Expandable/dp/B08C5W6PL2/ref=sr_1_13?dchild=1&keywords=laptop&qid=1629381777&sr=8-13
13,RDP,"RDP ThinBook 1010 - Intel Celeron Quad Core Processor, 4GB RAM, 64GB Storage, Windows 10 Pro, 14.1” HD Screen","₹19,990.00",3.6 out of 5 stars,153 ratings,"With Exchange Up to 14,150.00 off","Sunday, Aug 22",In stock.,"About this itemIntel Celeron Quad Core Processor N3450, Up to 2.2 GHz4GB RAM, 64 GB Built-In Storage (HDD/SSD slot, support up to 1TB)Pre-loaded with Windows 10 Pro OSThin & Lightweight Design (Just 22 mm & 1.4 kg), 8 Hours of Battery Backup for Uninterrupted Day Long ActivitiesDual Speakers, Web Camera, Mic, Bluetooth 4.0, Type-C Multifunction port, Full-size Keyboard, Precision Touchpad, Durable and Compact Build› See more product details",https://www.amazon.in/RDP-ThinBook-1010-Celeron-Processor/dp/B0924PSV78/ref=sr_1_14?dchild=1&keywords=laptop&qid=1629381777&sr=8-14
14,HP,"HP Notebook PC 245 G7 14"" (35.56cms) Laptop ATHLON-3050U/4GB/1TB/Windows 10 Home/ 1 Year Warranty (21Z04PA)","₹27,990.00",3.5 out of 5 stars,116 ratings,"With Exchange Up to 17,750.00 off","Sunday, Aug 22",In stock.,"About this itemHP ATHLON-3050U/4GB/1TB/Windows 10 Home/14""Light Laptop without Optical Disk Driveoperating system: windows 10 home1 year warranty› See more product details",https://www.amazon.in/HP-Notebook-245-G7-ATHLON-3050U/dp/B08TBVBKN5/ref=sr_1_15?dchild=1&keywords=laptop&qid=1629381777&sr=8-15
15,AVITA,"AVITA Essential Refresh NE14A2INC43A-MB 14-inch/35.56 cm(Intel Celeron-N4020/4GB/128GB SSD/Windows 10 Home/FHD/Integrated Graphics), Matt Black","₹21,799.00",3.9 out of 5 stars,188 ratings,"With Exchange Up to 16,750.00 off","Tuesday, Aug 24",In stock.,"About this itemProcessor:Celeron-N4020, Base Processor Speed 1.1 GHz , Max speed2.8 GHzOperating System:Pre-loaded Windows 10 Home | In the box Laptop, AC Adapter, User Guide, ManualsDisplay: 14-inch screen/35.56 cm (1920X1080) FHD display| Connectivity: IEEE 802.11 b/g/n/ac Wi-Fi and Bluetooth 4.2Memory & Storage: 4 GB DDR4 RAM with intel integrated Graphics | Storage: 128GB SSDDesign and battery: Thin and light Laptop| Laptop weight 1.37kg | Battery Life: Upto 06 hoursPorts and Optical Drive:|Full size HDMI x 1, USB 3.0 Type-A x 2, Micro SD card,Headphone Jack |No Optical DriveThis genuine Avita Laptop comes with 18+6 months onsite domestic warranty from Avita covering manufacturing defects and not covering physical damage. For more details, see Warranty section› See more product details",https://www.amazon.in/AVITA-Essential-NE14A2INC43A-MB-Celeron-N4020-Integrated/dp/B08YRNPTM2/ref=sr_1_16?dchild=1&keywords=laptop&qid=1629381777&sr=8-16
16,Lenovo,"Lenovo IdeaPad Slim 3 2021 11th Gen Intel Core i3 15.6"" (39.62cm) FHD Thin & Light Laptop (8GB/256GB SSD/DOS/2 Year Warranty/Arctic Grey/1.65Kg), 82H801DHIN","₹42,470.00",5.0 out of 5 stars,1 rating,"With Exchange Up to 17,750.00 off","Tuesday, Aug 24",Only 1 left in stock.,"About this itemProcessor: 11th Gen Intel Core i3-1115G4 | Speed: 3.0 GHz (Base) - 4.1 GHz (Max) | 2 Cores | 6MB CacheMemory and Storage: 8GB RAM DDR4, Upgradable up to 12GB | 256 GB SSDDisplay: 15.6"" FHD (1920x1080) | Brightness : 250nits | Anti-GlareDesign: 4 side narrow bezel | 1.99 cm Thin and 1.65 kg Light | Narrow BezelBattery Life: 3-Cell 45Wh | Upto 6 Hours | Rapid Charge (Up to 80% in 1 Hour)Camera (Built-in): 720p with Privacy Shutter | Fixed Focus | Integrated Dual Array MicrophoneAudio: 2 x 1.5W Stereo Speakers | HD Audio | Dolby Audio.",https://www.amazon.in/Lenovo-IdeaPad-39-62cm-Warranty-82H801DHIN/dp/B09BCQCDF2/ref=sr_1_17?dchild=1&keywords=laptop&qid=1629381777&sr=8-17
17,Dell,"(Renewed) Dell Latitude 6520 Core i5 2nd Gen | 4Gb Ram | 320 Gb Hdd | 15.6"" True View Led Screen| Numeric Keypad | Wifi | Webcam | Windows 10 | Charger","₹22,999.00",-,-,-,Aug 22 - 23,In stock.,"About this itemCore i5 2nd Gen | 8Gb Ram | 500gb Hdd | 15.6"" True View Led Screen| Numeric Keypad | Wifi | Webcam | Windows 10 | ChargerIn the Box: 1 Dell Latitude 6520 Laptop› See more product details",https://www.amazon.in/Renewed-Dell-Latitude-Numeric-Windows/dp/B09C8Y45XH/ref=sr_1_18?dchild=1&keywords=laptop&qid=1629381777&sr=8-18
18,AVITA,"AVITA Essential Refresh NE14A2INC44A-MW 14-inch/35.56 cm(Intel Celeron-N4020/4GB/256GB SSD/Windows 10 Home/FHD/Integrated Graphics), Matt White","₹23,300.00",3.5 out of 5 stars,13 ratings,-,"Friday, Aug 27",In stock.,"About this itemProcessor:Celeron-N4020, Base Processor Speed 1.1 GHz , Max speed2.8 GHzOperating System:Pre-loaded Windows 10 Home | In the box Laptop, AC Adapter, User Guide, ManualsDisplay: 14-inch screen/35.56 cm (1920X1080) FHD display| Connectivity: IEEE 802.11 b/g/n/ac Wi-Fi and Bluetooth 4.2Memory & Storage: 4 GB DDR4 RAM with intel integrated Graphics | Storage: 256GB SSDDesign and battery: Thin and light Laptop| Laptop weight 1.37kg | Battery Life: Upto 06 hoursPorts and Optical Drive:|Full size HDMI x 1, USB 3.0 Type-A x 2, Micro SD card,Headphone Jack |No Optical DriveThis genuine Avita Laptop comes with 18+6 months onsite domestic warranty from Avita covering manufacturing defects and not covering physical damage. For more details, see Warranty section› See more product details",https://www.amazon.in/AVITA-Essential-NE14A2INC44A-MW-Celeron-N4020-Integrated/dp/B08YRFDN62/ref=sr_1_19?dchild=1&keywords=laptop&qid=1629381777&sr=8-19
19,HP,"(Renewed) Hp Elitebook 745 G2 Laptop (AMD A10 Pro 8Gb Ram 500Gb Hdd 14.1"" Led Screen AMD R6 Graphics Windows 10 Pro)","₹25,999.00",-,-,-,Aug 22 - 23,In stock.,"About this itemAMD A10 Pro 8Gb Ram 500Gb Hdd 14.1"" Led Screen AMD R6 Graphics Windows 10 ProPackage Content: 1 Hp Elitebook 745 G2 LaptopLaptop Storage: 500GB HDDThis product is backed by the Amazon Renewed Guarantee› See more product details",https://www.amazon.in/Renewed-Elitebook-745-Graphics-Windows/dp/B09B3Z23L8/ref=sr_1_20?dchild=1&keywords=laptop&qid=1629381777&sr=8-20
20,HP,"HP 15 11th Gen Intel Core i3 Processor 15.6"" (39.62cms) FHD Laptop (8GB/512GB SSD/Win 10/MS Offce/Integrated Graphics/Natural Silver/1.69 Kg), 15s-fr2006TU","₹45,490.00",4.1 out of 5 stars,706 ratings,"With Exchange Up to 17,750.00 off","Sunday, Aug 22",In stock.,"About this itemProcessor: 11th Gen Intel Core i3-1115G4 (up to 4.1 GHz with Intel Turbo Boost Technology, 6 MB L3 cache, 2 cores)Memory: 8 GB DDR4-2666 SDRAM (1 x 8 GB) | Storage: 512 GB PCIe NVMe M.2 SSDDisplay: 15.6-Inch FHD IPS anti-glare micro-edge WLED-backlit, 250 nits, 45% NTSC (1920 x 1080)Graphics: Intel UHD GraphicsOperating System & Pre-installed Software: Pre-loaded Windows 10 Home with lifetime validity, Microsoft Office Home & Student 2019› See more product details",https://www.amazon.in/gp/slredirect/picassoRedirect.html/ref=pa_sp_btf_aps_sr_pg1_1?ie=UTF8&adId=A03142211XCWJQXKESOTT&url=%2FHP-Processor-39-62cms-Integrated-15s-fr2006TU%2Fdp%2FB08XNYH4LX%2Fref%3Dsr_1_21_sspa%3Fdchild%3D1%26keywords%3Dlaptop%26qid%3D1629381777%26sr%3D8-21-spons%26psc%3D1&qualifier=1629381777&id=7691646463099656&widgetName=sp_btf
21,HP,"HP 15 11th Gen Intel Core i3 Processor 15.6"" (39.62cms) FHD Laptop with Alexa Built-in(i3-1115G4/8GB/1TB HDD/M.2 Slot/Win 10/MS Office/Natural Silver/1.76 Kg), 15s-du3038TU","₹42,490.00",3.6 out of 5 stars,239 ratings,"With Exchange Up to 17,750.00 off","Sunday, Aug 22",In stock.,"About this itemMemory & Storage: 8 GB DDR4-2666 SDRAM (1 x 8 GB), expandable upto 16 GB | 1TB HDD 5400 RPMDisplay: 15.6-Inch FHD IPS anti-glare micro-edge WLED-backlit, 250 nits, 45% NTSC (1920 x 1080)Graphics: Intel UHD GraphicsPorts: 1 SuperSpeed USB Type-C (5Gbps), 2 SuperSpeed USB Type-A (5Gbps), 1 microSD card reader | Without CD-Drive› See more product details",https://www.amazon.in/gp/slredirect/picassoRedirect.html/ref=pa_sp_btf_aps_sr_pg1_1?ie=UTF8&adId=A03144331WA1C21WLPWI5&url=%2FHP-Processor-39-62cms-i3-1115G4-15s-du3038TU%2Fdp%2FB08S3MGDS3%2Fref%3Dsr_1_22_sspa%3Fdchild%3D1%26keywords%3Dlaptop%26qid%3D1629381777%26sr%3D8-22-spons%26psc%3D1&qualifier=1629381777&id=7691646463099656&widgetName=sp_btf
22,Marico Ltd; C/O (S) Ameya Inc,"Parachute Advansed Body Lotion Deep Nourish, 400 ml",-,4.3 out of 5 stars,"17,859 ratings",Subscribe & Save: 5% 10% ₹190.95 (₹47.74 / 100 ml) Ships from: Amazon Sold by: Cloudtail India,"Sunday, Aug 22",In stock.,"About this itemParachute Advance Body Lotion has unique Cocolipid Formula which goes 10 layers deep** in the skin to boost your natural glowNon-sticky fast absorbing formula with unique moisture lock technology that prevents moisture lossEnriched with Coconut Milk & 100% Natural moisturizing properties, nourishes the skin making it soft and supple all day long!Ideal for extra dry skin. For MenContains 100% natural moisturizers* that nourish from deep within. Helps retain skin's natural moisture. And its fragrance…. You'd love it !!Apply the Parachute Advansed Deep Nourish Body Lotion generously all over your body after a bath or shower or before you go for a sweet night sleep and massage in circular motions, paying special attention to any dry areas.",https://www.amazon.in/gp/slredirect/picassoRedirect.html/ref=sspa_dk_rhf_search_pt_sub_0?ie=UTF8&adId=A0943466EVOAOH9WFPY6&adOffset=0&qualifier=1629381849&id=6480839321618609&widgetName=sp_rhf_search&url=%2FParachute-Advansed-Body-Lotion-Nourish%2Fdp%2FB00CBRJ34E%3Fpsc%3D1%26pd_rd_w%3DXDr34%26pf_rd_p%3Da458bc5b-bc65-4238-9284-07ecc9e72432%26pf_rd_r%3DKEWF2KFCCVEWCAVBANRJ%26pd_rd_r%3D8601966f-d9d1-4b48-b823-963b5a740552%26pd_rd_wg%3D0bdRL%26ref_%3Dsspa_dk_rhf_search_pt_sub_0
23,Samsung,"Samsung T5 500GB Up to 540MB/s USB 3.1 Gen 2 (10Gbps, Type-C) External Solid State Drive (Portable SSD) Alluring Blue (MU-PA500B)","₹5,999.00",4.6 out of 5 stars,"3,904 ratings",-,"Wednesday, Aug 25",In stock.,"About this itemPerformance of up to 540 MB/s, up to 4.9x faster than external HDDInterface: USB 3.1 Gen 2 (Up to 10Gbps). Backwards compatible. The host device and connection cable must support USB 3.1 Gen 2 to reach the maximum speed.Durable: Shock resistant internal frame lets the T5 withstand falls from up to 2mSecurity: Optional password protection and AES 256 bit hardware encryptionCompatibility: Windows 7, Mac OS X 10.9 (Mavericks), Android 4.4 (KitKat), or higher.Includes USB Type C to C and USB Type C to A cablesFor further queries, please contact us at 1800 30 7267864Country of Origin : South Korea› See more product details",https://www.amazon.in/gp/slredirect/picassoRedirect.html/ref=sspa_dk_rhf_search_pt_sub_1?ie=UTF8&adId=A102474932R6WXT4KFC8J&adOffset=0&qualifier=1629381849&id=6480839321618609&widgetName=sp_rhf_search&url=%2FSamsung-500GB-Portable-Solid-State%2Fdp%2FB074WZJ4MF%3Fpsc%3D1%26pd_rd_w%3DXDr34%26pf_rd_p%3Da458bc5b-bc65-4238-9284-07ecc9e72432%26pf_rd_r%3DKEWF2KFCCVEWCAVBANRJ%26pd_rd_r%3D8601966f-d9d1-4b48-b823-963b5a740552%26pd_rd_wg%3D0bdRL%26ref_%3Dsspa_dk_rhf_search_pt_sub_1
24,SellZone,SellZone Laptop Battery for Compaq 620,"₹1,999.00",-,-,-,"Wednesday, Aug 25",Only 2 left in stock.,About this itemGenuine Quality ProductCompatible For Specific ModelsPicture is For Reference OnlyTested Before Shipping1 Year Seller Replacement Warranty› See more product details,https://www.amazon.in/gp/slredirect/picassoRedirect.html/ref=sspa_dk_rhf_search_pt_sub_2?ie=UTF8&adId=A0691158XR9HCCHAINAR&adOffset=0&qualifier=1629381849&id=6480839321618609&widgetName=sp_rhf_search&url=%2FSellZone-Laptop-Battery-Compaq-620%2Fdp%2FB08L3DGRCZ%3Fpsc%3D1%26pd_rd_w%3DXDr34%26pf_rd_p%3Da458bc5b-bc65-4238-9284-07ecc9e72432%26pf_rd_r%3DKEWF2KFCCVEWCAVBANRJ%26pd_rd_r%3D8601966f-d9d1-4b48-b823-963b5a740552%26pd_rd_wg%3D0bdRL%26ref_%3Dsspa_dk_rhf_search_pt_sub_2
25,SellZone,SellZone Laptop Battery for Fujitsu LifeBook A Series AH532 A532 A512 GFX Laptop -BT,"₹2,989.00",-,-,-,"Friday, Aug 27",Only 2 left in stock.,About this itemGenuine Quality ProductTested Before ShippingPhysical damaged product is not covered under warrantyPicture is for reference onlyComapatible With Specific Models› See more product details,https://www.amazon.in/gp/slredirect/picassoRedirect.html/ref=sspa_dk_rhf_search_pt_sub_3?ie=UTF8&adId=A06918941418IAJ16FR9T&adOffset=0&qualifier=1629381849&id=6480839321618609&widgetName=sp_rhf_search&url=%2FSellZone-Laptop-Battery-Fujitsu-LifeBook%2Fdp%2FB08WKJDJG5%3Fpsc%3D1%26pd_rd_w%3DXDr34%26pf_rd_p%3Da458bc5b-bc65-4238-9284-07ecc9e72432%26pf_rd_r%3DKEWF2KFCCVEWCAVBANRJ%26pd_rd_r%3D8601966f-d9d1-4b48-b823-963b5a740552%26pd_rd_wg%3D0bdRL%26ref_%3Dsspa_dk_rhf_search_pt_sub_3
26,Logitech,"Logitech K230 Compact Wireless Keyboard for Windows, 2.4GHz Wireless with USB Unifying Receiver, Space-Saving Design, 2-Year Battery Life, PC/Laptop- Black",₹890.00,4.2 out of 5 stars,"10,750 ratings",-,"Tuesday, Aug 24",In stock.,"About this itemWIRELESS KEYBOARD: Reliable connection up to 10 m . Virtually no delays or dropouts-even in the busiest wireless environments-thanks to the mini Logitech USB Unifying receiver with Advanced 2.4 GHz wireless connectivity. Small enough to stay in your laptop and lets you add up to five compatible devices such as a wireless gaming mouse2 YEAR BATTERY LIFE: With the extended battery life and auto-sleep, you can write Facebook updates, emails and Yelp reviews for years without the hassle of changing batteriesSAVE SPACE WITHOUT MISSING A THING:The small compact wireless keyboard is about 36 Percent smaller than standard keyboards but still has all the standard keys-so doing the things you love is as easy as ever. Can be used with wired, wireless, Bluetooth or gaming micePERSONIZABLE: Want to make this sleek little keyboard a little more ""you""? The battery door on top of the keyboard doubles as a fun design element with light grey, pink and blue options you can swap to suit your mood or décorSYSTEM COMPATIBILITY: Windows-based PC,Windows XP, Windows Vista, Windows 7, Windows 8, Windows 10,USB portIN THE BOX:Keyboard,Nano-receiver, 2 AAA batteries, User documentation› See more product details",https://www.amazon.in/gp/slredirect/picassoRedirect.html/ref=sspa_dk_rhf_search_pt_sub_4?ie=UTF8&adId=A06575251C8AGOFKY9RTY&adOffset=0&qualifier=1629381849&id=6480839321618609&widgetName=sp_rhf_search&url=%2FLogitech-K230-Wireless-Keyboard%2Fdp%2FB01267B9CW%3Fpsc%3D1%26pd_rd_w%3DXDr34%26pf_rd_p%3Da458bc5b-bc65-4238-9284-07ecc9e72432%26pf_rd_r%3DKEWF2KFCCVEWCAVBANRJ%26pd_rd_r%3D8601966f-d9d1-4b48-b823-963b5a740552%26pd_rd_wg%3D0bdRL%26ref_%3Dsspa_dk_rhf_search_pt_sub_4
27,ZHEJIANG SHALOM ELECTRIC CO. LTD,Kubra KB-309 Professional Cordless Rechargeable LED Display Hair Clipper Heavy Duty for Hair and Beard Cut (White),"₹1,329.00",4.1 out of 5 stars,"4,768 ratings",-,"Sunday, Aug 22",In stock.,About this itemFully charge the product before first time use.LCD display shows battery capacity.Trimming Range: 0.5 - 12 mm.High-performance stainless steel blade.4 Adjustable taper control cutting length.,https://www.amazon.in/gp/slredirect/picassoRedirect.html/ref=sspa_dk_rhf_search_pt_sub_5?ie=UTF8&adId=A00848773CXGQQ33D04PU&adOffset=0&qualifier=1629381849&id=6480839321618609&widgetName=sp_rhf_search&url=%2FKubra-Professional-Cordless-Rechargeable-Display%2Fdp%2FB08963M5Q8%3Fpsc%3D1%26pd_rd_w%3DXDr34%26pf_rd_p%3Da458bc5b-bc65-4238-9284-07ecc9e72432%26pf_rd_r%3DKEWF2KFCCVEWCAVBANRJ%26pd_rd_r%3D8601966f-d9d1-4b48-b823-963b5a740552%26pd_rd_wg%3D0bdRL%26ref_%3Dsspa_dk_rhf_search_pt_sub_5
28,Maxelon,Maxelon™ Laptop Battery for HP Probook 4410S 4411S 4415S 4416S Series,"₹1,549.00",-,-,-,"Monday, Aug 23",In stock.,"About this itemCapacity 4000 mAh capacity, 6 cells, Voltage: 10.8v & Wattage:43whFast Charging Battery, Charging Time :Up to 2.5 hours ,Battery Life :Up to 2.5 hoursCompatible Models:HP ProBook 4410S Series Notebook PC, HP ProBook 4411S Series Notebook PC HP ProBook 4415S Series Notebook PC, HP ProBook 4416S Series Notebook PCFit for:HSTNN-DB90, HSTNN-XB90, HSTNNOB90, 513128-251, 513128-361, 535806-001, NZ374AA ,HSTNN-I60C-4 ,HSTNN-I61C-4, ZP06047, ZP06, NBP6A158B1, NBP6A158, 572032-001, 536418-001, 513128-321, 513128-261, 513128-251Box contains 1 pc battery & Manual & 1 Year WarrantyHigh Quality Laptop Battery› See more product details",https://www.amazon.in/gp/slredirect/picassoRedirect.html/ref=sspa_dk_rhf_search_pt_sub_6?ie=UTF8&adId=A05016553SRW8T03KBEEB&adOffset=0&qualifier=1629381849&id=6480839321618609&widgetName=sp_rhf_search&url=%2FMaxelonTM-Laptop-Battery-Probook-4410S%2Fdp%2FB08QZ8S8F5%3Fpsc%3D1%26pd_rd_w%3DXDr34%26pf_rd_p%3Da458bc5b-bc65-4238-9284-07ecc9e72432%26pf_rd_r%3DKEWF2KFCCVEWCAVBANRJ%26pd_rd_r%3D8601966f-d9d1-4b48-b823-963b5a740552%26pd_rd_wg%3D0bdRL%26ref_%3Dsspa_dk_rhf_search_pt_sub_6
29,HP,"HP Pavilion (2021) Thin & Light 11th Gen Core i5 Laptop, 16 GB RAM, 512GB SSD, Iris Xe Graphics, 14-inch (35.56 cms) FHD Screen, Win 10, MS Office, Backlit Keyboard, Ceramic White (14-dv0053TU)","₹71,000.00",4.4 out of 5 stars,826 ratings,-,"Friday, Aug 27",Only 1 left in stock.,"About this itemProcessor: 11th Gen Intel Core i5-1135G7 (up to 4.2 GHz with Intel Turbo Boost Technology, 8 MB L3 cache, 4 cores)Operating System & Software: Pre-loaded Windows 10 Home with lifetime validity| Microsoft Office Home & Office 2019, Alexa Built-inDisplay: 15.6-inch FHD (1920x1080) IPS Anti-Glare Panel with 45% NTSC, 250 nits, 157ppiMemory & Storage: 16GB DDR4-3200 SDRAM (2x8 GB) | 512 GB PCIe NVMe M.2 SSDGraphics: Intel Iris Xe Graphics› See more product details",https://www.amazon.in/gp/slredirect/picassoRedirect.html/ref=pa_sp_atf_next_aps_sr_pg2_1?ie=UTF8&adId=A03122132M6BV39E18XO1&url=%2FHP-Pavilion-Graphics-Keyboard-14-dv0053TU%2Fdp%2FB08WB8686H%2Fref%3Dsr_1_17_sspa%3Fdchild%3D1%26keywords%3Dlaptop%26qid%3D1629381848%26sr%3D8-17-spons%26psc%3D1&qualifier=1629381848&id=6628192016743228&widgetName=sp_atf_next
30,HP,"HP 15 (2021) Thin & Light 11th Gen Core i5 Laptop, 8 GB RAM, 512GB SSD, 15.6-inch (39.62 cms) FHD Screen, Windows 10, MS Office, Built-in Alexa (15s-fq2535TU)","₹64,990.00",4.2 out of 5 stars,"1,307 ratings","With Exchange Up to 17,750.00 off","Sunday, Aug 22",Only 1 left in stock.,"About this itemProcessor: 11th Gen Intel Core i5-1135G7 (up to 4.2 GHz with Intel Turbo Boost Technology, 8 MB L3 cache, 4 cores)Memory: 8 GB DDR4-2666 SDRAM (1 x 8 GB) | Storage: 512 GB PCIe NVMe M.2 SSDDisplay: 15.6-Inch FHD IPS anti-glare micro-edge WLED-backlit, 250 nits, 45% NTSC (1920 x 1080)Graphics: Intel UHD GraphicsOperating System & Pre-installed Software: Pre-loaded Windows 10 Home with lifetime validity, Microsoft Office Home & Student 2019› See more product details",https://www.amazon.in/gp/slredirect/picassoRedirect.html/ref=pa_sp_atf_next_aps_sr_pg2_1?ie=UTF8&adId=A0312705OMZKYRU9U3R0&url=%2FHP-Laptop-15-6-inch-Windows-15s-fq2535TU%2Fdp%2FB08XNYN5QV%2Fref%3Dsr_1_18_sspa%3Fdchild%3D1%26keywords%3Dlaptop%26qid%3D1629381848%26sr%3D8-18-spons%26psc%3D1&qualifier=1629381848&id=6628192016743228&widgetName=sp_atf_next
31,Lenovo,"Lenovo V15 AMD 15.6-inch (39.6 cm) FHD Thin and Light Laptop (AMD Athlon Silver 3050 U/ 4GB RAM/ 1TB HDD/ Windows 10 Home/Integrated AMD Radeon Graphics/ Iron Grey/ 1.85 kg), 82C700J0IH","₹31,500.00",3.3 out of 5 stars,104 ratings,-,Aug 25 - 27,In stock.,"About this itemCommercial Grade Durable Laptop | Secure Laptop (TPM 2.0 - Trusted Platform Module for security) | Spill Resistant Keyboard | 180 degree Metal Alloy Hinges tested for 30000 cyclesProcessor: AMD Athlon Silver 3050U processor, base speed 2.3 Ghz, max speed 3.2 Ghz, 2 Cores, 4MB smart cacheMemory: 4GB DDR4 RAM | Storage: 1TB HDD @ 7200RPM | Operating System: Winfows 10 Home | This genuine Lenovo Laptop comes with 1 year onsite warrantyDisplay: 15-inch screen with (1920 x 1080) FHD display | Anti Glare Technology | Connectivity: 802.11ac 1x1 Wi-Fi + Bluetooth 4.2 | Audio: 1.5W x 2 Dolby Audio SpeakersDesign & battery: Thin and Light Laptop | 180 Degree Hinge | Laptop Weight: 1.85 kg | Battery Life: Upto 5.5 Hr as per MobileMark 2014› See more product details",https://www.amazon.in/Lenovo-15-6-inch-Integrated-Graphics-82C700J0IH/dp/B095JY5B3F/ref=sr_1_19?dchild=1&keywords=laptop&qid=1629381848&sr=8-19
32,ASUS,"ASUS VivoBook 14 (2020), 14-inch (35.56 cms) Full HD, AMD Ryzen 3 3250U, Thin and Light Laptop (4GB RAM/1TB HDD/Integrated Graphics/Windows 10/Slate Grey/1.6 kg), M415DA-EB301T","₹30,990.00",2.2 out of 5 stars,10 ratings,"With Exchange Up to 17,750.00 off","Sunday, Aug 22",In stock.,"About this itemProcessor: AMD Ryzen 3 3250U Processor, 2.6 GHz Base Speed, Up to 3.5 GHz Max Boost Speed, 2 Cores, 4 Threads, 4MB L3 CacheMemory: 4GB onboard DDR4 2400MHz, Support up to 12GB with | Storage: 1TB SATA 5400RPM 2.5"" HDD with empty 1x M.2 2280 SlotGraphics: Integrated AMD Radeon GraphicsDisplay: 14-inch (35.56 cms), FHD (1920 x 1080) 16:9 LED-Backlit LCD, 250nits, NanoEdge bezel, Anti-Glare Plane with 45% NTSC, 82% Screen-To-Body RatioOperating System: Pre-loaded Windows 10 Home with lifetime validityDesign & battery: Up to 19.9mm Thin | NanoEdge Bezels | Thin and Light Laptop | Laptop weight: 1.6 kg | 37WHrs, 2-cell Li-ion battery | Up to 6 hours battery life ;Note: Battery life depends on conditions of usageKeyboard: Chiclet Keyboard with 1.4mm Key Travel.",https://www.amazon.in/ASUS-VivoBook-Integrated-Graphics-M415DA-EB301T/dp/B097RKZYGS/ref=sr_1_20?dchild=1&keywords=laptop&qid=1629381848&sr=8-20
33,Fujitsu,"(Renewed) Fujitsu Intel Core i5 3340M 15.6-Inch (39.62 cms) 1366 X 768 Laptop (4 GB/320 GB HDD/Windows/Intel HD Graphics/Black/2.40 Kg), A573","₹22,990.00",3.8 out of 5 stars,154 ratings,-,"Sunday, Aug 22",Only 1 left in stock.,About this item4 GB/320 GB HDDThis product is backed by the Amazon Renewed GuaranteeColor: BlackOperating System: Windows 103rd Gen Intel Core i5-3340m› See more product details,https://www.amazon.in/Renewed-Fujitsu-15-6-Inch-Windows-Graphics/dp/B091B6K2ZM/ref=sr_1_21?dchild=1&keywords=laptop&qid=1629381848&sr=8-21
34,HP,"HP 15 Intel Pentium Gold 6405U Processor Entry Level 39.62 cms(15.6-inch) FHD Laptop (4GB/1TB/Win 10/Jet Black/1.74kg), 15s-du1052tu",-,3.4 out of 5 stars,716 ratings,-,-,,"About this itemDesign & Battery: Thin and light design | Laptop weight: 1.74 kg | Average battery life 7 hours, 3-cell, 41 Wh Li-ion Fast Charge BatteryOperating System: Pre-loaded Windows 10 Home with lifetime validityGraphics: Intel UHD GraphicsPorts: 1 SuperSpeed USB Type-C (5Gbps), 2 SuperSpeed USB Type-A (5Gbps), 1 microSD card reader | Without CD-Drive› See more product details",https://www.amazon.in/HP-Pentium-Processor-15-6-inch-15s-du1052tu/dp/B08HJZHTM1/ref=sr_1_17?dchild=1&keywords=laptop&qid=1629381848&sr=8-17
35,ASUS,"ASUS Celeron Dual Core - (4 GB/1 TB HDD/Windows 10 Home) X515MA-BR004T Thin and Light Laptop (15.6 inch/39.6 cm, Transparent Silver, 1.80 Kg",-,3.4 out of 5 stars,108 ratings,-,-,Currently unavailable.,About this itemCeleron Dual Core4 GB› See more product details,https://www.amazon.in/ASUS-Celeron-Dual-Core-X515MA-BR004T/dp/B094Y8L2G9/ref=sr_1_18?dchild=1&keywords=laptop&qid=1629381848&sr=8-18
36,Lenovo,"Lenovo V15 AMD 15.6-inch (39.6 cm) FHD Thin and Light Laptop (AMD Athlon Gold 3150U/ 4GB RAM/ 1TB HDD/ Windows 10 Home/Integrated AMD Radeon Graphics/ Iron Grey), 82C700JEIH","₹29,990.00",2.7 out of 5 stars,24 ratings,"With Exchange Up to 17,750.00 off","Sunday, Aug 22",In stock.,"About this itemCommercial Grade Durable Laptop | Secure Laptop (TPM 2.0 - Trusted Platform Module for security) | Spill Resistant Keyboard | 180 degree Metal Alloy Hinges tested for 30000 cyclesProcessor: AMD Athlon Gold 3150U processor, base speed 2.4 Ghz, max speed 3.3 Ghz, 2 Cores, 4MB smart cacheMemory: 4GB DDR4 RAM | Storage: 1TB HDD @ 7200RPM | Operating System: Windows 10 Home | Lenovo Laptop comes with 1 year onsite warrantyDisplay: 15-inch screen with (1920 x 1080) FHD display | Anti-Glare Technology | Connectivity: 802.11ac 1x1 Wi-Fi + Bluetooth 4.2 | Audio: 1.5W x 2 Dolby Audio SpeakersDesign & battery: Thin and Light Laptop | 180 Degree Hinge | Battery Life: Upto 5.5 Hr as per MobileMark 2014› See more product details",https://www.amazon.in/Lenovo-15-6-inch-Integrated-Graphics-82C700JEIH/dp/B095YWBXFH/ref=sr_1_19?dchild=1&keywords=laptop&qid=1629381848&sr=8-19
37,HP,"HP 15 11th Gen Intel Core i3 Processor 15.6"" (39.62cms) FHD Laptop (8GB/256GB SSD/Win 10/MS Office/Integrated Graphics/Jet Black/1.69 Kg), 15s-fq2075TU","₹41,490.00",4.0 out of 5 stars,151 ratings,"With Exchange Up to 17,750.00 off","Tuesday, Aug 24",In stock.,"About this itemProcessor: 11th Gen Intel Core i3-1115G4 (up to 4.1 GHz with Intel Turbo Boost Technology, 6 MB L3 cache, 2 cores)Memory: 8 GB DDR4-2666 SDRAM (1 x 8 GB) | Storage: 256 GB PCIe NVMe M.2 SSDDisplay: 15.6-Inch FHD IPS anti-glare micro-edge WLED-backlit, 250 nits, 45% NTSC (1920 x 1080)Graphics: Intel UHD GraphicsOperating System & Pre-installed Software: Pre-loaded Windows 10 Home with lifetime validity, Microsoft Office Home & Student 2019› See more product details",https://www.amazon.in/HP-Processor-39-62cms-Integrated-15s-fq2075TU/dp/B08XNXJDVX/ref=sr_1_20?dchild=1&keywords=laptop&qid=1629381848&sr=8-20
38,Hitachi,"(Renewed) Hitachi Flora Laptop SE210 AMD E1-2100 Processor, 4 GB Ram & 128 GB SSD, Windows 10 Lite, 13.3 Inches (No Webcam) Ultralight 1.2Kg Notebook Computer","₹14,990.00",-,-,"With Exchange Up to 11,550.00 off","Wednesday, Aug 25",In stock.,"About this itemWin 10 Lite, 13.3 Inches (No Webcam) Ultralight 1.2Kg Notebook ComputerProcessor Type: AMD E1-2100 ProcessorRAM: 4 GB, Laptop Memory: 128 GB SSDPackage Contents: 1 Hitachi Flora Laptop› See more product details",https://www.amazon.in/Hitachi-Processor-Ultralight-Notebook-Computer/dp/B09BS6FPWF/ref=sr_1_21?dchild=1&keywords=laptop&qid=1629381848&sr=8-21
39,Dell,"Dell Inspiron 3501 15.6"" FHD Display Laptop (i3-1005G1/ 8GB/ 1TB/ Win 10 + MSO/ Integrated Graphics/ Accent Black) D560420WIN9B","₹41,990.00",5.0 out of 5 stars,1 rating,"With Exchange Up to 17,750.00 off","Tuesday, Aug 24",In stock.,"About this itemProcessor:10th Generation Intel Core i3-1005G1 Processor (4MB Cache, up to 3.4 GHz)Memory & Storage:8GB, 8Gx1, DDR4, 2666MHz | 1TB 5400 rpm 2.5"" SATA Hard DriveDisplay:15.6-inch FHD (1920 x 1080) Anti-glare LED Backlight Narrow Border WVA DisplayGraphics:Intel UHD Graphics with shared graphics memoryOperating System & Software:Windows 10 Home Single Language | Microsoft Office Home and Student 2019I/O ports:USB 3.2 Gen 1 (x2), USB2.0 (x1), HDMI 1.4(x1),One SD-card slot ,RJ45 - 10/100Mbps› See more product details",https://www.amazon.in/gp/slredirect/picassoRedirect.html/ref=pa_sp_mtf_aps_sr_pg2_1?ie=UTF8&adId=A09475791EYTTWSJ9GE5Z&url=%2FDell-Inspiron-3501-Integrated-D560420WIN9B%2Fdp%2FB094Y5YJ1P%2Fref%3Dsr_1_22_sspa%3Fdchild%3D1%26keywords%3Dlaptop%26qid%3D1629381848%26sr%3D8-22-spons%26psc%3D1%26smid%3DA2W4R6KXCY4TRS&qualifier=1629381848&id=6628192016743228&widgetName=sp_mtf
40,Lenovo,"Lenovo IdeaPad Slim 5 11th Gen Intel Core i5 15.6"" (39.63cm) FHD IPS Thin & Light Laptop (8GB/1TB+256GB SSD/Windows 10/MS Office/Backlit Keyboard/Fingerprint Reader/Graphite Grey/1.66Kg), 82FG010BIN","₹62,003.00",4.0 out of 5 stars,151 ratings,"With Exchange Up to 17,750.00 off","Sunday, Aug 22",In stock.,"About this itemProcessor: 11th Gen Intel Tiger Lake Core i5-1135G7 | Speed: 2.4 GHz (Base) - 4.2 GHz (Max) | 4 Cores | 8MB CacheOS: Pre-Loaded Windows 10 Home with Lifetime ValidityPre-Installed: MS Office Home and Student 2019Memory and Storage: 8GB RAM DDR4-3200 | 1TB HDD + 256GB SSDGraphics: Intel Iris Xe Integrated GraphicsDisplay: 15.6"" Full HD (1920x1080) | Brightness: 300 nits | Anti-Glare | IPS Technology | 45% NTSCDesign: 1.79 cm Thin and 1.66 kg Light | Aluminium Material Top | Backlit Keyboard | Fingerprint Reader.",https://www.amazon.in/gp/slredirect/picassoRedirect.html/ref=pa_sp_mtf_aps_sr_pg2_1?ie=UTF8&adId=A0311477K48Z05QS1TYA&url=%2FLenovo-Keyboard-Fingerprint-Graphite-82FG010BIN%2Fdp%2FB096SHMYJJ%2Fref%3Dsr_1_23_sspa%3Fdchild%3D1%26keywords%3Dlaptop%26qid%3D1629381848%26sr%3D8-23-spons%26psc%3D1&qualifier=1629381848&id=6628192016743228&widgetName=sp_mtf
41,Lenovo,"Lenovo E41-45 (82BFS00300) Laptop (AMD A9-9425 / 4GB RAM/ 1TB HDD/ Win 10 Home SL/ 14 Inch (35.5 cm) Screen / Black), 1 Year Warranty","₹27,790.00",3.0 out of 5 stars,25 ratings,"With Exchange Up to 17,750.00 off","Sunday, Aug 22",In stock.,"About this itemProcessor: AMD A9-9425 processor, 3.1 Ghz base speedMemory and Storage: 4 GB RAM | Storage 1 TB HDD | Operating System: Pre-loaded Windows 10 Home with lifetime validityDisplay: 14 -inch screen with (1366x768) HD1 year Onsite warranty› See more product details",https://www.amazon.in/Lenovo-E41-45-82BFS00300-A9-9425-Warranty/dp/B091NX3DRV/ref=sr_1_24?dchild=1&keywords=laptop&qid=1629381848&sr=8-24
42,HP,"HP 15 11th Gen Intel Core i3 Processor 15.6"" (39.62cms) FHD Laptop (8GB/512GB SSD/Win 10/MS Offce/Integrated Graphics/Natural Silver/1.69 Kg), 15s-fr2006TU","₹45,490.00",4.1 out of 5 stars,706 ratings,"With Exchange Up to 17,750.00 off","Sunday, Aug 22",In stock.,"About this itemProcessor: 11th Gen Intel Core i3-1115G4 (up to 4.1 GHz with Intel Turbo Boost Technology, 6 MB L3 cache, 2 cores)Memory: 8 GB DDR4-2666 SDRAM (1 x 8 GB) | Storage: 512 GB PCIe NVMe M.2 SSDDisplay: 15.6-Inch FHD IPS anti-glare micro-edge WLED-backlit, 250 nits, 45% NTSC (1920 x 1080)Graphics: Intel UHD GraphicsOperating System & Pre-installed Software: Pre-loaded Windows 10 Home with lifetime validity, Microsoft Office Home & Student 2019› See more product details",https://www.amazon.in/HP-Processor-39-62cms-Integrated-15s-fr2006TU/dp/B08XNYH4LX/ref=sr_1_25?dchild=1&keywords=laptop&qid=1629381848&sr=8-25
43,HP,"HP 15 (2021) Thin & Light Ryzen 3-3250 Laptop, 8 GB RAM, 1TB HDD + 256GB SSD, 15.6"" (39.2 cms) FHD Screen, Windows 10, MS Office (15s-gr0012AU)","₹43,499.00",4.1 out of 5 stars,"1,168 ratings","With Exchange Up to 17,750.00 off","Wednesday, Aug 25",In stock.,"About this itemProcessor: AMD Ryzen 3 3250U (2.6 GHz base clock, up to 3.5 GHz max boost clock, 4 MB L3 cache, 2 cores)Operating System & Preinstalled Software: Windows 10 Home | Microsoft Office Home & Student 2019Display: 15.6-inch FHD (1920 x 1080), IPS, micro-edge, anti-glare, 250 nits, 45% NTSCMemory & Storage: 8 GB DDR4-2400 SDRAM (1 x 8 GB) | 256 GB PCIe NVMe M.2 SSD + 1TB HDD 5400 RPMGraphics: AMD Radeon Vega 6 GraphicsDesign & Battery: Thin and light design | Laptop weight: 1.82 kg | Upto 12 hours of battery life, 3-cell, 41 Wh Li-ion Fast Charge BatteryCamera & Microphone: HP TrueVision HD camera with integrated dual array digital microphone.",https://www.amazon.in/HP-3-3250-Laptop-Windows-15s-gr0012AU/dp/B08T6THSMQ/ref=sr_1_26?dchild=1&keywords=laptop&qid=1629381848&sr=8-26
44,Lenovo,"Lenovo V15 AMD 15.6-inch FHD Thin and Light Laptop (AMD Athlon Silver 3050 U/ 4GB RAM/ 1TB HDD/ DOS /Integrated AMD Radeon Graphics/ Iron Grey/ 1.85 kg), 82C700HXIH",-,3.5 out of 5 stars,17 ratings,"With Exchange Up to 17,750.00 off","Sunday, Aug 22",Only 1 left in stock.,"About this itemCommercial Grade Durable Laptop | Secure Laptop (TPM 2.0 - Trusted Platform Module for security) | Spill Resistant Keyboard | 180 degree Metal Alloy Hinges tested for 30000 cyclesProcessor: AMD Athlon Silver 3050U processor, base speed 2.3 Ghz, max speed 3.2 Ghz, 2 Cores, 4MB smart cacheMemory: 4GB DDR4 RAM | Storage: 1TB HDD @ 5400RPM | Operating System: Dos | This genuine Lenovo Laptop comes with 1 year onsite warrantyDisplay: 15-inch screen with (1920 x 1080) FHD display | Anti Glare Technology | Connectivity: 802.11ac 1x1 Wi-Fi + Bluetooth 4.2 | Audio: 1.5W x 2 Dolby Audio SpeakersDesign & battery: Thin and Light Laptop | 180 Degree Hinge | Laptop Weight: 1.85 kg | Battery Life: Upto 5.5 Hr as per MobileMark 2014› See more product details",https://www.amazon.in/Lenovo-15-6-inch-Integrated-Graphics-82C700HXIH/dp/B095JW3CCX/ref=sr_1_27?dchild=1&keywords=laptop&qid=1629381848&sr=8-27
45,MSI,"MSI GF65 Thin, Intel i7-10750H, 15.6"" FHD (39.6 cm) IPS-Level 144Hz Panel Laptop (16GB/512GB NVMe SSD/Windows 10 Home/Nvidia GTX1660 Ti 6GB GDDR6/Black/1.86Kg), 10SDR-1280IN","₹81,990.00",3.8 out of 5 stars,30 ratings,"With Exchange Up to 17,750.00 off","Thursday, Aug 26","In stock on August 24, 2021.","About this itemProcessor: 10th Generation Intel Core i7-10750H Up To 5GHzOperating System: Pre-loaded Windows 10 Home with lifetime validity |Preinstalled Software: MSI BurnRecovery, MSI Battery Calibration, MSI Help Desk, Norton Internet Security (trail 60days) Norton Studio (Metro) (permanent free), Nvidia GeForce Experience, Nahimic 3, Dragon Center | In the box: Laptop, adapterDisplay: 15.6"" (39.6 cm) FHD (1920*1080), IPS-Level 144Hz Thin Bezel, 45% NTSCMemory & Storage: 8GB*2 DDR4 2666MHz RAM, expandable to 64 GB | Storage: 512GB NVMe SSD.NVIDIA GeForce GTX 1660Ti GDDR6 6GB Dedicated GraphicsUltra Thin and light design | Laptop weight: 1.86 kgCooling: CoolerBoost 5 | Camera: HD type (30fps@720p) | Microphone: Built-in microphone.",https://www.amazon.in/MSI-i7-10750H-IPS-Level-Windows-10SDR-1280IN/dp/B093L8JCZV/ref=sr_1_28?dchild=1&keywords=laptop&qid=1629381848&sr=8-28
46,Lenovo,Lenovo V14 AMD Ryzen 3 3250U 14.1-inch HD Laptop (8GB/1TB/Windows 10/AMD Radeon Graphics/Grey/1.85Kg),"₹35,990.00",3.5 out of 5 stars,4 ratings,"With Exchange Up to 17,750.00 off","Tuesday, Aug 24",In stock.,,https://www.amazon.in/Lenovo-14-1-inch-Laptop-Windows-Graphics/dp/B09BJYRRZ2/ref=sr_1_29?dchild=1&keywords=laptop&qid=1629381848&sr=8-29
47,HP,"HP 15 11th Gen Intel Core i3 Processor 15.6"" (39.62cms) FHD Laptop with Alexa Built-in(i3-1115G4/8GB/1TB HDD/M.2 Slot/Win 10/MS Office/Natural Silver/1.76 Kg), 15s-du3038TU","₹42,490.00",3.6 out of 5 stars,239 ratings,"With Exchange Up to 17,750.00 off","Sunday, Aug 22",In stock.,"About this itemMemory & Storage: 8 GB DDR4-2666 SDRAM (1 x 8 GB), expandable upto 16 GB | 1TB HDD 5400 RPMDisplay: 15.6-Inch FHD IPS anti-glare micro-edge WLED-backlit, 250 nits, 45% NTSC (1920 x 1080)Graphics: Intel UHD GraphicsPorts: 1 SuperSpeed USB Type-C (5Gbps), 2 SuperSpeed USB Type-A (5Gbps), 1 microSD card reader | Without CD-Drive› See more product details",https://www.amazon.in/HP-Processor-39-62cms-i3-1115G4-15s-du3038TU/dp/B08S3MGDS3/ref=sr_1_30?dchild=1&keywords=laptop&qid=1629381848&sr=8-30
48,Lenovo,"Lenovo IdeaPad Slim 3 10th Gen Intel Core i3 15.6"" (39.63cm) FHD Thin & Light Laptop (8GB/1TB HDD/Windows 10/MS Office/Intel UHD Graphics/2 Year Warranty/Platinum Grey/1.7Kg), 81WB015JIN","₹39,490.00",3.8 out of 5 stars,441 ratings,"With Exchange Up to 17,750.00 off","Monday, Aug 23",In stock.,"About this itemProcessor: 10th Gen Intel Core i3-10110U | Speed: 2.1 GHz (Base) - 4.1 GHz (Max) | 2 Cores | 4MB CacheOS: Pre-Loaded Windows 10 Home with Lifetime ValidityPre-Installed: MS Office Home and Student 2019Memory and Storage: 8GB (4+4) RAM DDR4-2666 | Upgradable up to 12GB | 1 TB HDDGraphics: Integrated Intel UHD GraphicsDisplay: 15.6"" Full HD (1920x1080) | Brightness: 220 nits | Anti-GlareDesign: 1.99 cm Thin and 1.7 kg Light | Narrow Bezel.",https://www.amazon.in/Lenovo-Graphics-Warranty-Platinum-81WB015JIN/dp/B0999B6MT3/ref=sr_1_31?dchild=1&keywords=laptop&qid=1629381848&sr=8-31
49,HP,"HP 15 11th Gen Intel Core i5 Processor 15.6-inch(39.6 cm) FHD Laptop with Alexa Built-in(8GB/512GB SSD/Windows 10/2GB MX350 Graphics/Natural Silver/1.75Kg), 15s-dr3500TX","₹62,990.00",4.1 out of 5 stars,111 ratings,"With Exchange Up to 17,750.00 off","Sunday, Aug 22",In stock.,"About this itemProcessor: 11th Gen Intel Core i5-1135G7 (up to 4.2 GHz with Intel Turbo Boost Technology, 8 MB L3 cache, 4 cores)Memory: 8 GB DDR4-2666 MHz RAM (2 x 4 GB), upgradable up to 16 GB (2 x 8 GB) | Storage: 512 GB PCIe NVMe M.2 SSDDisplay: 15.6-Inch (39.6 cm) FHD IPS anti-glare micro-edge, 250 nits, 45% NTSC (1920 x 1080)Operating System & Software: Pre-loaded Windows 10 Home with lifetime validity | Pre-installed Microsoft Office Home & Student 2019Graphics: NVIDIA GeForce MX350 (2 GB DDR5 dedicated)› See more product details",https://www.amazon.in/gp/slredirect/picassoRedirect.html/ref=pa_sp_btf_aps_sr_pg2_1?ie=UTF8&adId=A03119691VWTICP6EEW4M&url=%2FHP-Processor-15-6-inch-Graphics-15s-dr3500TX%2Fdp%2FB0928T6QM3%2Fref%3Dsr_1_32_sspa%3Fdchild%3D1%26keywords%3Dlaptop%26qid%3D1629381848%26sr%3D8-32-spons%26psc%3D1&qualifier=1629381848&id=6628192016743228&widgetName=sp_btf
50,Dell,"Dell Vostro 3400 14"" (35.56 cms) FHD Anti Glare Display Laptop (11th Gen i5-1135G7 / 8GB / 1TB / Integrated Graphics / Win 10 + MS Office / Black/ 1.58Kg) D552154WIN9BE","₹53,890.00",3.5 out of 5 stars,105 ratings,"With Exchange Up to 17,750.00 off","Sunday, Aug 22",In stock.,"About this itemProcessor: 11Th Generation Intel Core I5-1135G7 Processor (8Mb Cache, Up To 4.2 Ghz)Memory & Storage:8Gb Ram | 1Tb 5400 Rpm 2.5"" Sata Hard DriveDisplay:14.0-Inch Fhd (1920 X 1080) Anti-Glare Led Backlight Narrow Border Wva DisplayGraphics: Intel Iris Xe Graphics With Shared Graphics MemoryOperating System & Software: Windows 10 Home Single Language | Microsoft Office Home And Student 2019I/O Ports: Two Usb 3.2 Gen-1,One Usb 2.0,One Rj45,One Sd Card Slot ,One Hdmi 1.4 PortHard Disk Size: 1.0 Tb› See more product details",https://www.amazon.in/gp/slredirect/picassoRedirect.html/ref=pa_sp_btf_aps_sr_pg2_1?ie=UTF8&adId=A03128052M28BNVDZI78U&url=%2FDell-i5-1135G7-Integrated-Graphics-D552154WIN9BE%2Fdp%2FB08RXZCXH6%2Fref%3Dsr_1_33_sspa%3Fdchild%3D1%26keywords%3Dlaptop%26qid%3D1629381848%26sr%3D8-33-spons%26psc%3D1&qualifier=1629381848&id=6628192016743228&widgetName=sp_btf
51,Marico Ltd; C/O (S) Ameya Inc,"Parachute Advansed Body Lotion Deep Nourish, 400 ml",-,4.3 out of 5 stars,"17,859 ratings",Subscribe & Save: 5% 10% ₹190.95 (₹47.74 / 100 ml) Ships from: Amazon Sold by: Cloudtail India,"Sunday, Aug 22",In stock.,"About this itemParachute Advance Body Lotion has unique Cocolipid Formula which goes 10 layers deep** in the skin to boost your natural glowNon-sticky fast absorbing formula with unique moisture lock technology that prevents moisture lossEnriched with Coconut Milk & 100% Natural moisturizing properties, nourishes the skin making it soft and supple all day long!Ideal for extra dry skin. For MenContains 100% natural moisturizers* that nourish from deep within. Helps retain skin's natural moisture. And its fragrance…. You'd love it !!Apply the Parachute Advansed Deep Nourish Body Lotion generously all over your body after a bath or shower or before you go for a sweet night sleep and massage in circular motions, paying special attention to any dry areas.",https://www.amazon.in/gp/slredirect/picassoRedirect.html/ref=sspa_dk_rhf_search_pt_sub_0?ie=UTF8&adId=A0943466EVOAOH9WFPY6&adOffset=0&qualifier=1629381849&id=6480839321618609&widgetName=sp_rhf_search&url=%2FParachute-Advansed-Body-Lotion-Nourish%2Fdp%2FB00CBRJ34E%3Fpsc%3D1%26pd_rd_w%3DXDr34%26pf_rd_p%3Da458bc5b-bc65-4238-9284-07ecc9e72432%26pf_rd_r%3DKEWF2KFCCVEWCAVBANRJ%26pd_rd_r%3D8601966f-d9d1-4b48-b823-963b5a740552%26pd_rd_wg%3D0bdRL%26ref_%3Dsspa_dk_rhf_search_pt_sub_0
52,Samsung,"Samsung T5 500GB Up to 540MB/s USB 3.1 Gen 2 (10Gbps, Type-C) External Solid State Drive (Portable SSD) Alluring Blue (MU-PA500B)","₹5,999.00",4.6 out of 5 stars,"3,904 ratings",-,"Wednesday, Aug 25",In stock.,"About this itemPerformance of up to 540 MB/s, up to 4.9x faster than external HDDInterface: USB 3.1 Gen 2 (Up to 10Gbps). Backwards compatible. The host device and connection cable must support USB 3.1 Gen 2 to reach the maximum speed.Durable: Shock resistant internal frame lets the T5 withstand falls from up to 2mSecurity: Optional password protection and AES 256 bit hardware encryptionCompatibility: Windows 7, Mac OS X 10.9 (Mavericks), Android 4.4 (KitKat), or higher.Includes USB Type C to C and USB Type C to A cablesFor further queries, please contact us at 1800 30 7267864Country of Origin : South Korea› See more product details",https://www.amazon.in/gp/slredirect/picassoRedirect.html/ref=sspa_dk_rhf_search_pt_sub_1?ie=UTF8&adId=A102474932R6WXT4KFC8J&adOffset=0&qualifier=1629381849&id=6480839321618609&widgetName=sp_rhf_search&url=%2FSamsung-500GB-Portable-Solid-State%2Fdp%2FB074WZJ4MF%3Fpsc%3D1%26pd_rd_w%3DXDr34%26pf_rd_p%3Da458bc5b-bc65-4238-9284-07ecc9e72432%26pf_rd_r%3DKEWF2KFCCVEWCAVBANRJ%26pd_rd_r%3D8601966f-d9d1-4b48-b823-963b5a740552%26pd_rd_wg%3D0bdRL%26ref_%3Dsspa_dk_rhf_search_pt_sub_1
53,SellZone,SellZone Laptop Battery for Compaq 620,"₹1,999.00",-,-,-,"Wednesday, Aug 25",Only 2 left in stock.,About this itemGenuine Quality ProductCompatible For Specific ModelsPicture is For Reference OnlyTested Before Shipping1 Year Seller Replacement Warranty› See more product details,https://www.amazon.in/gp/slredirect/picassoRedirect.html/ref=sspa_dk_rhf_search_pt_sub_2?ie=UTF8&adId=A0691158XR9HCCHAINAR&adOffset=0&qualifier=1629381849&id=6480839321618609&widgetName=sp_rhf_search&url=%2FSellZone-Laptop-Battery-Compaq-620%2Fdp%2FB08L3DGRCZ%3Fpsc%3D1%26pd_rd_w%3DXDr34%26pf_rd_p%3Da458bc5b-bc65-4238-9284-07ecc9e72432%26pf_rd_r%3DKEWF2KFCCVEWCAVBANRJ%26pd_rd_r%3D8601966f-d9d1-4b48-b823-963b5a740552%26pd_rd_wg%3D0bdRL%26ref_%3Dsspa_dk_rhf_search_pt_sub_2
54,SellZone,SellZone Laptop Battery for Fujitsu LifeBook A Series AH532 A532 A512 GFX Laptop -BT,"₹2,989.00",-,-,-,"Friday, Aug 27",Only 2 left in stock.,About this itemGenuine Quality ProductTested Before ShippingPhysical damaged product is not covered under warrantyPicture is for reference onlyComapatible With Specific Models› See more product details,https://www.amazon.in/gp/slredirect/picassoRedirect.html/ref=sspa_dk_rhf_search_pt_sub_3?ie=UTF8&adId=A06918941418IAJ16FR9T&adOffset=0&qualifier=1629381849&id=6480839321618609&widgetName=sp_rhf_search&url=%2FSellZone-Laptop-Battery-Fujitsu-LifeBook%2Fdp%2FB08WKJDJG5%3Fpsc%3D1%26pd_rd_w%3DXDr34%26pf_rd_p%3Da458bc5b-bc65-4238-9284-07ecc9e72432%26pf_rd_r%3DKEWF2KFCCVEWCAVBANRJ%26pd_rd_r%3D8601966f-d9d1-4b48-b823-963b5a740552%26pd_rd_wg%3D0bdRL%26ref_%3Dsspa_dk_rhf_search_pt_sub_3
55,Logitech,"Logitech K230 Compact Wireless Keyboard for Windows, 2.4GHz Wireless with USB Unifying Receiver, Space-Saving Design, 2-Year Battery Life, PC/Laptop- Black",₹890.00,4.2 out of 5 stars,"10,750 ratings",-,"Tuesday, Aug 24",In stock.,"About this itemWIRELESS KEYBOARD: Reliable connection up to 10 m . Virtually no delays or dropouts-even in the busiest wireless environments-thanks to the mini Logitech USB Unifying receiver with Advanced 2.4 GHz wireless connectivity. Small enough to stay in your laptop and lets you add up to five compatible devices such as a wireless gaming mouse2 YEAR BATTERY LIFE: With the extended battery life and auto-sleep, you can write Facebook updates, emails and Yelp reviews for years without the hassle of changing batteriesSAVE SPACE WITHOUT MISSING A THING:The small compact wireless keyboard is about 36 Percent smaller than standard keyboards but still has all the standard keys-so doing the things you love is as easy as ever. Can be used with wired, wireless, Bluetooth or gaming micePERSONIZABLE: Want to make this sleek little keyboard a little more ""you""? The battery door on top of the keyboard doubles as a fun design element with light grey, pink and blue options you can swap to suit your mood or décorSYSTEM COMPATIBILITY: Windows-based PC,Windows XP, Windows Vista, Windows 7, Windows 8, Windows 10,USB portIN THE BOX:Keyboard,Nano-receiver, 2 AAA batteries, User documentation› See more product details",https://www.amazon.in/gp/slredirect/picassoRedirect.html/ref=sspa_dk_rhf_search_pt_sub_4?ie=UTF8&adId=A06575251C8AGOFKY9RTY&adOffset=0&qualifier=1629381849&id=6480839321618609&widgetName=sp_rhf_search&url=%2FLogitech-K230-Wireless-Keyboard%2Fdp%2FB01267B9CW%3Fpsc%3D1%26pd_rd_w%3DXDr34%26pf_rd_p%3Da458bc5b-bc65-4238-9284-07ecc9e72432%26pf_rd_r%3DKEWF2KFCCVEWCAVBANRJ%26pd_rd_r%3D8601966f-d9d1-4b48-b823-963b5a740552%26pd_rd_wg%3D0bdRL%26ref_%3Dsspa_dk_rhf_search_pt_sub_4
56,ZHEJIANG SHALOM ELECTRIC CO. LTD,Kubra KB-309 Professional Cordless Rechargeable LED Display Hair Clipper Heavy Duty for Hair and Beard Cut (White),"₹1,329.00",4.1 out of 5 stars,"4,768 ratings",-,"Sunday, Aug 22",In stock.,About this itemFully charge the product before first time use.LCD display shows battery capacity.Trimming Range: 0.5 - 12 mm.High-performance stainless steel blade.4 Adjustable taper control cutting length.,https://www.amazon.in/gp/slredirect/picassoRedirect.html/ref=sspa_dk_rhf_search_pt_sub_5?ie=UTF8&adId=A00848773CXGQQ33D04PU&adOffset=0&qualifier=1629381849&id=6480839321618609&widgetName=sp_rhf_search&url=%2FKubra-Professional-Cordless-Rechargeable-Display%2Fdp%2FB08963M5Q8%3Fpsc%3D1%26pd_rd_w%3DXDr34%26pf_rd_p%3Da458bc5b-bc65-4238-9284-07ecc9e72432%26pf_rd_r%3DKEWF2KFCCVEWCAVBANRJ%26pd_rd_r%3D8601966f-d9d1-4b48-b823-963b5a740552%26pd_rd_wg%3D0bdRL%26ref_%3Dsspa_dk_rhf_search_pt_sub_5
57,Maxelon,Maxelon™ Laptop Battery for HP Probook 4410S 4411S 4415S 4416S Series,"₹1,549.00",-,-,-,"Monday, Aug 23",In stock.,"About this itemCapacity 4000 mAh capacity, 6 cells, Voltage: 10.8v & Wattage:43whFast Charging Battery, Charging Time :Up to 2.5 hours ,Battery Life :Up to 2.5 hoursCompatible Models:HP ProBook 4410S Series Notebook PC, HP ProBook 4411S Series Notebook PC HP ProBook 4415S Series Notebook PC, HP ProBook 4416S Series Notebook PCFit for:HSTNN-DB90, HSTNN-XB90, HSTNNOB90, 513128-251, 513128-361, 535806-001, NZ374AA ,HSTNN-I60C-4 ,HSTNN-I61C-4, ZP06047, ZP06, NBP6A158B1, NBP6A158, 572032-001, 536418-001, 513128-321, 513128-261, 513128-251Box contains 1 pc battery & Manual & 1 Year WarrantyHigh Quality Laptop Battery› See more product details",https://www.amazon.in/gp/slredirect/picassoRedirect.html/ref=sspa_dk_rhf_search_pt_sub_6?ie=UTF8&adId=A05016553SRW8T03KBEEB&adOffset=0&qualifier=1629381849&id=6480839321618609&widgetName=sp_rhf_search&url=%2FMaxelonTM-Laptop-Battery-Probook-4410S%2Fdp%2FB08QZ8S8F5%3Fpsc%3D1%26pd_rd_w%3DXDr34%26pf_rd_p%3Da458bc5b-bc65-4238-9284-07ecc9e72432%26pf_rd_r%3DKEWF2KFCCVEWCAVBANRJ%26pd_rd_r%3D8601966f-d9d1-4b48-b823-963b5a740552%26pd_rd_wg%3D0bdRL%26ref_%3Dsspa_dk_rhf_search_pt_sub_6
58,HP,"HP Pavilion 11th Gen Intel Core i5 Processor 14"" (35.56cms) FHD Laptop with Alexa Built-in (16GB/512GB SSD/Win 10/MS Office/2GB NVIDIA MX450 Graphics/Natural Silver/1.41 Kg), 14-dv0084TX","₹70,490.00",4.3 out of 5 stars,308 ratings,"With Exchange Up to 17,750.00 off","Sunday, Aug 22",In stock.,"About this itemProcessor: 11th Gen Intel Core i5-1135G7 (up to 4.2 GHz with Intel Turbo Boost Technology, 8 MB L3 cache, 4 cores)Memory: 16 GB DDR4-3200 SDRAM (1 x 16 GB) | Storage: 512 GB PCIe NVMe M.2 SSDDisplay: 14-Inch FHD IPS anti-glare micro-edge WLED-backlit, 250 nits, 45% NTSC (1920 x 1080)Graphics: NVIDIA GeForce MX450 (2 GB GDDR5 dedicated)Operating System & Pre-installed Software: Pre-loaded Windows 10 Home with lifetime validity, Microsoft Office Home & Student 2019› See more product details",https://www.amazon.in/gp/slredirect/picassoRedirect.html/ref=pa_sp_atf_next_aps_sr_pg3_1?ie=UTF8&adId=A031236928QWUQ197ZZJW&url=%2FHP-Pavilion-Processor-35-56cms-14-dv0084TX%2Fdp%2FB08XMLV2HK%2Fref%3Dsr_1_33_sspa%3Fdchild%3D1%26keywords%3Dlaptop%26qid%3D1629381863%26sr%3D8-33-spons%26psc%3D1&qualifier=1629381863&id=6074144644504062&widgetName=sp_atf_next
59,Dell,"Dell Inspiron 3501 15.6"" FHD Display Laptop (i3-1005G1/ 4GB/ 1 TB/ Integrated Graphics/ Win 10 + MSO/ Accent Black) D560285WIN9B","₹39,990.00",-,-,-,"Wednesday, Aug 25",In stock.,About this itemInspiron 3501/i3-1005G1/Win 10 + MS Office› See more product details,https://www.amazon.in/gp/slredirect/picassoRedirect.html/ref=pa_sp_atf_next_aps_sr_pg3_1?ie=UTF8&adId=A10360941BK740FRB6XSV&url=%2FDell-Inspiron-i3-1005G1-Integrated-D560285WIN9B%2Fdp%2FB08QMFW8N6%2Fref%3Dsr_1_34_sspa%3Fdchild%3D1%26keywords%3Dlaptop%26qid%3D1629381863%26sr%3D8-34-spons%26psc%3D1&qualifier=1629381863&id=6074144644504062&widgetName=sp_atf_next
60,LG,"LG Gram Ultra-Light 11th Gen Core i5,8 GB RAM, 512 GB SSD, Win-10, Iris Xe Graphics, 14-inches (35.56 cms), Thunderbolt 4, USC -C x 2 (with Power), 999 Grams 3 Yr Warranty (14Z90P-G.AJ55A2, Black)","₹74,490.00",5.0 out of 5 stars,3 ratings,"With Exchange Up to 17,750.00 off","Sunday, Aug 22",In stock.,"About this itemProcessor & OS: Intel 11th Gen Corei5-1135G7 (2.4 GHz, Turbo up to 4.2 GHz, L3 Cache 8MB, 28 W)- Window 10Display: 14"" (30.2 cm) WUXGA (1920 x 1200) 16:10 Aspect Ratio IPS Display with DCI-P3 99%Memory: 8 GB LPDDR4X (Dual Channel-4266 MHz)Storage: 512 GB SSD (Type:M.2 2280) NVMe with additional expansion slotProduct & Battery: Weight 999gm Magnesium Alloy - 72 Wh Battery with 18.5 hr back-up (* MobileMark 2018)› See more product details",https://www.amazon.in/LG-Ultra-Light-14-inches-Thunderbolt-14Z90P-G-AJ55A2/dp/B09B7Y8HJS/ref=sr_1_35?dchild=1&keywords=laptop&qid=1629381863&sr=8-35
61,AVITA,"AVITA Essential Refresh NE14A2INC44A-MB 14-inch/35.56 cm(Intel Celeron-N4020/4GB/256GB SSD/Windows 10 Home/FHD/Integrated Graphics),Matt Black","₹24,949.00",3.7 out of 5 stars,44 ratings,"With Exchange Up to 17,750.00 off","Monday, Aug 23",In stock.,"About this itemProcessor:Celeron-N4020, Base Processor Speed 1.1 GHz , Max speed2.8 GHzOperating System:Pre-loaded Windows 10 Home | In the box Laptop, AC Adapter, User Guide, ManualsDisplay: 14-inch screen/35.56 cm (1920X1080) FHD display| Connectivity: IEEE 802.11 b/g/n/ac Wi-Fi and Bluetooth 4.2Memory & Storage: 4 GB DDR4 RAM with intel integrated Graphics | Storage: 256GB SSDDesign and battery: Thin and light Laptop| Laptop weight 1.37kg | Battery Life: Upto 06 hoursPorts and Optical Drive:|Full size HDMI x 1, USB 3.0 Type-A x 2, Micro SD card,Headphone Jack |No Optical DriveThis genuine Avita Laptop comes with 18+6 months onsite domestic warranty from Avita covering manufacturing defects and not covering physical damage. For more details, see Warranty section› See more product details",https://www.amazon.in/AVITA-Essential-NE14A2INC44A-MB-Celeron-N4020-Integrated/dp/B08YR9DDVZ/ref=sr_1_36?dchild=1&keywords=laptop&qid=1629381863&sr=8-36
62,Lenovo,Lenovo 82C7A006IH V15 ADA Laptop (AMD Athlon Silver 3050U/4GB Ram/ 1TB HDD/ 15.6 inch HD AG/ Windows-10/Integrated AMD Radeon Graphics/ Iron Grey),"₹30,499.00",3.4 out of 5 stars,121 ratings,-,Aug 27 - 31,Only 1 left in stock.,"About this itemAMD Athlon Silver 3050U processor, 2.3 Ghz base speed, 3.3 Ghz max speed, 2 cores, 4Mb smart CacheProductThis product comes in a proper packagingIt is durable and long lasting› See more product details",https://www.amazon.in/Lenovo-82C7A006IH-Windows-10-Integrated-Graphics/dp/B08DHZS1XQ/ref=sr_1_37?dchild=1&keywords=laptop&qid=1629381863&sr=8-37
63,AVITA,"AVITA Essential Refresh NE14A2INC44A-CR 14-inch/35.56 cm(Intel Celeron-N4020/4GB/256GB SSD/Windows 10 Home/FHD/Integrated Graphics), Concrete Grey","₹23,990.00",4.0 out of 5 stars,39 ratings,"With Exchange Up to 17,750.00 off","Tuesday, Aug 24",Only 1 left in stock.,"About this itemProcessor:Celeron-N4020, Base Processor Speed 1.1 GHz , Max speed2.8 GHzOperating System:Pre-loaded Windows 10 Home | In the box Laptop, AC Adapter, User Guide, ManualsDisplay: 14-inch screen/35.56 cm (1920X1080) FHD display| Connectivity: IEEE 802.11 b/g/n/ac Wi-Fi and Bluetooth 4.2Memory & Storage: 4 GB DDR4 RAM with intel integrated Graphics | Storage: 256GB SSDDesign and battery: Thin and light Laptop| Laptop weight 1.37kg | Battery Life: Upto 06 hoursPorts and Optical Drive:|Full size HDMI x 1, USB 3.0 Type-A x 2, Micro SD card,Headphone Jack |No Optical DriveThis genuine Avita Laptop comes with 18+6 months onsite domestic warranty from Avita covering manufacturing defects and not covering physical damage. For more details, see Warranty section› See more product details",https://www.amazon.in/AVITA-Essential-NE14A2INC44A-CR-Celeron-N4020-Integrated/dp/B08YRNVXN1/ref=sr_1_33?dchild=1&keywords=laptop&qid=1629381863&sr=8-33
64,ASUS,ASUS VivoBook 15 AMD Ryzen 3-3250U (4GB RAM/1 TB HDD/Windows 10/Integrated AMD Radeon Graphics/15.6-inch HD/FP Reader/1.9 kg/Slate Grey/1 Yr. Warranty) M509DA-BR301T,-,3.0 out of 5 stars,3 ratings,"With Exchange Up to 17,750.00 off","Sunday, Aug 22",Only 1 left in stock.,"About this itemProcessor | Graphics: AMD Ryzen 3 3250U Processor, 2.6 GHz Base Speed, Up to 3.5 GHz Turbo Boost Speed, 2 Core, 4 Threads, 4MB Cache | Integrated AMD Radeon Vega 3 GraphicsMemory & Storage: 4GB DDR4 onboard 2400MHz RAM, Upgradeable up to 20GB using 1x SO-DIMM Slot with, | Storage: 1TB HDD 2.5-inch SATA 5400RPM + empty M.2 Slot for SSD Storage ExpansionDisplay: 15.6-inch, HD (1366 x 768) 16:9, Anti-glare display, LED Backlit,200nits, NanoEdge bezel, Anti-Glare Plane with 45% NTSC, 83% Screen-To-Body RatioI/O Port & Other: 1 x COMBO audio jack, 1 x Type-C USB 3.2 (Gen 1), 1 x Type-A USB 3.2 (Gen 1), 2 x Type-A USB2.0, 1 x HDMI 1.4, 1 x micro SD card. & Fingerprint reader | VGA Web Camera (Fixed type) | Wi-Fi 5 (802.11ac) 2*2 | Bluetooth 4.2 | Built-in speaker | Built-in microphoneWarranty: This genuine Asus laptop comes with 1-year manufacturer warranty on the device from the date of purchase.› See more product details",https://www.amazon.in/ASUS-VivoBook-Integrated-15-6-inch-M509DA-BR301T/dp/B099WQP6ZX/ref=sr_1_34?dchild=1&keywords=laptop&qid=1629381863&sr=8-34
65,HP,"HP Pavilion Gaming 15.6-inch(39.62 cms) FHD Gaming Laptop (Ryzen 5-4600H/8GB/1TB HDD/M.2 Slot/Windows 10/NVIDIA GTX 1650 4GB/Shadow Black), 15-ec1024AX","₹56,990.00",4.1 out of 5 stars,449 ratings,"With Exchange Up to 17,750.00 off","Sunday, Aug 22",In stock.,"About this itemProcessor: AMD Ryzen 5 4600H (3.0 GHz base clock, up to 4.0 GHz max boost clock, 3 MB L2 cache, 6 cores)Display: 15.6-Inch FHD IPS anti-glare micro-edge WLED-backlit, 250 nits, 45% NTSC (1920 x 1080)Operating System: Pre-loaded Windows 10 Home with lifetime validityGraphics: NVIDIA GeForce GTX 1650 (4 GB GDDR6 dedicated)› See more product details",https://www.amazon.in/HP-Pavilion-15-6-inch-5-4600H-15-ec1024AX/dp/B08CZ2KNS4/ref=sr_1_35?dchild=1&keywords=laptop&qid=1629381863&sr=8-35
66,Dell,"Dell 14 (2021) Thin & Light i3-1005G1 Laptop, 4Gb RAM, 1TB HDD + 256GB SSD, 14” (35.56 Cms) FHD AG Display, Win 10 + MSO, Black (Vostro 3401, D552151WIN9BE)","₹39,057.00",4.1 out of 5 stars,156 ratings,"With Exchange Up to 17,750.00 off","Wednesday, Aug 25",In stock.,"About this itemProcessor: 10th Generation Intel Core i3-1005G1 Processor (4MB Cache, up to 3.4 GHz)Memory & Storage:4GB RAM | 256GB M.2 PCIe NVMe Solid State Drive+1TB 5400 rpm 2.5"" SATA Hard DriveDisplay:14.0-inch FHD (1920 x 1080) Anti-glare LED Backlight Narrow Border WVA DisplayGraphics: Intel UHD Graphics with shared graphics memoryOperating System & Software: Windows 10 Home Single Language | Microsoft Office Home and Student 2019I/O ports: Two USB 3.2 Gen-1,One USB 2.0,One RJ45,One SD card slot ,One HDMI 1.4 port› See more product details",https://www.amazon.in/Dell-i3-1005G1-Integrated-Graphics-D552151WIN9BE/dp/B08R777GBL/ref=sr_1_36?dchild=1&keywords=laptop&qid=1629381863&sr=8-36
67,HP,"HP 14 (2021) Thin & Light 11th Gen Intel Core i3 Laptop with Alexa Built-in, 8GB RAM, 512GB SSD, 14-inch(35.5 cm) FHD Screen, Windows 10, MS Office (14s-dr2015TU)","₹46,990.00",4.0 out of 5 stars,75 ratings,"With Exchange Up to 17,750.00 off","Sunday, Aug 22",In stock.,"About this itemProcessor: 11th Gen Intel Core i3-1115G4 (up to 4.1 GHz with Intel Turbo Boost Technology, 6 MB L3 cache, 2 cores)Memory: 8 GB DDR4-2666 RAM (1 x 8 GB), upgradable up to 16 GB (2 x 8 GB) | Storage: 512 GB PCIe NVMe M.2 SSDDisplay: 14-Inch (35.6 cm) FHD IPS micro-edge, 250 nits, 45% NTSC (1366 x 768)Operating System & Software: Pre-loaded Windows 10 Home with lifetime validity | Pre-installed Microsoft Office Home & Student 2019, Alexa Built-inPorts: 1 SuperSpeed USB Type-C(5Gbps), 2 SuperSpeed USB Type-A (5Gbps), 1 HDMI 1.4b, 1 AC smart pin, 1 headphone/microphone combo› See more product details",https://www.amazon.in/HP-Laptop-14-inch-Windows-14s-dr2015TU/dp/B093L3TV59/ref=sr_1_37?dchild=1&keywords=laptop&qid=1629381863&sr=8-37
68,HP,"HP Pavilion (2021) Thin & Light 11th Gen Core i5 Laptop, 16 GB RAM, 512GB SSD, Iris Xe Graphics, 14-inch (35.56 cms) FHD Screen, Win 10, MS Office, Backlit Keyboard, Tranquil Pink (14-dv0055TU)","₹66,490.00",4.4 out of 5 stars,826 ratings,"With Exchange Up to 17,750.00 off","Sunday, Aug 22",In stock.,"About this itemProcessor: 11th Gen Intel Core i5-1135G7 (up to 4.2 GHz with Intel Turbo Boost Technology, 8 MB L3 cache, 4 cores)Operating System & Software: Pre-loaded Windows 10 Home with lifetime validity| Microsoft Office Home & Office 2019, Alexa Built-inDisplay: 14-inch FHD (1920x1080) IPS Anti-Glare Panel with 45% NTSC, 250 nitsMemory & Storage: 16GB DDR4-3200 SDRAM (2x8 GB) | 512 GB PCIe NVMe M.2 SSDGraphics: Intel Iris Xe Graphics› See more product details",https://www.amazon.in/gp/slredirect/picassoRedirect.html/ref=pa_sp_mtf_aps_sr_pg3_1?ie=UTF8&adId=A03118131UB58SWG78IUL&url=%2FHP-Pavilion-Laptop-Graphics-14-dv0055TU%2Fdp%2FB0953DD9FC%2Fref%3Dsr_1_38_sspa%3Fdchild%3D1%26keywords%3Dlaptop%26qid%3D1629381863%26sr%3D8-38-spons%26psc%3D1&qualifier=1629381863&id=6074144644504062&widgetName=sp_mtf
69,Dell,"Dell Inspiron 3501 15.6-inch FHD Laptop (11th Gen Core i5-1135G7/4GB/1TB HDD+256GB SSD/Windows 10 Home + MS Office/Intel HD Graphics),Black","₹58,090.00",4.2 out of 5 stars,18 ratings,"With Exchange Up to 17,750.00 off","Tuesday, Aug 24",In stock.,"About this item4GB, 4Gx1, DDR4, 2666MHz | 256GB M.2 PCIe NVMe Solid Stat e Drive (Boot) + 1TB 5400 rpm 2.5"" SATA Hard Drive (Storage)Microsoft(R) Office Home and S tudent 201915.6-inch FHD (1920 x 1080) An ti-glare LED Backlight Non-Tou ch Narrow Border WVA DisplayWindows(R) 10 Home Single Lang uage, English11th Generation Intel(R) Core( TM) i5-1135G7 Processor (8MB C ache, up to 4.2 GHz)› See more product details",https://www.amazon.in/gp/slredirect/picassoRedirect.html/ref=pa_sp_mtf_aps_sr_pg3_1?ie=UTF8&adId=A094707928XOY3OQ7JLO4&url=%2FDell-Inspiron-3501-15-6-inch-i5-1135G7%2Fdp%2FB08QN1RFSS%2Fref%3Dsr_1_39_sspa%3Fdchild%3D1%26keywords%3Dlaptop%26qid%3D1629381863%26sr%3D8-39-spons%26psc%3D1%26smid%3DA2W4R6KXCY4TRS&qualifier=1629381863&id=6074144644504062&widgetName=sp_mtf
70,Dell,"Dell Inspiron 3505 15.6"" FHD AG Display Laptop (R3-3250U/ 8GB DDR4/ 256GB SSD/ Win 10 + MS Office/ Radeon Graphics/ Soft Mint Color) D560486WIN9S",-,-,-,"With Exchange Up to 17,750.00 off","Sunday, Aug 22",In stock.,"About this itemProcessor AMD Ryzen 3 3250U Mobile Processor with Radeon Graphics (4MB L3 Cache, up to 3.5GHz)Memory & Storage:8GB, 1x8GB, DDR4, 2400MHz | 256GB M.2 PCIe NVMe Solid State DriveDisplay:15.6-inch FHD (1920 x 1080) Anti-glare LED-Backlit Narrow Border DisplayGraphics:Integrated graphics with AMD APUOperating System & Software: Windows 10 Home Single Language | Microsoft Office Home and Student 2019I/O ports:USB 3.2 Gen 1 (x2), USB2.0 (x1), HDMI 1.4SD Media Card Reader (SD, SDHC, SDXC)RJ45 - 10/100Mbps› See more product details",https://www.amazon.in/Dell-Inspiron-3505-R3-3250U-D560486WIN9S/dp/B099X41XHY/ref=sr_1_40?dchild=1&keywords=laptop&qid=1629381863&sr=8-40
71,HP,"HP 14 11th Gen Intel Core i5 Processor 14-inch(35.6 cm) FHD Laptop (8GB/512GB/Windows 10/MS Office/Natural Silver/1.46Kg), 14s-dr2016tu","₹58,990.00",4.2 out of 5 stars,402 ratings,"With Exchange Up to 17,750.00 off","Sunday, Aug 22",In stock.,"About this itemProcessor: 11th Gen Intel Core i5-1135G7 (up to 4.2 GHz max boost clock, 8 MB L3 cache, 4 cores)Memory: 8 GB DDR4-2666 SDRAM (1 x 8 GB), upgradable up to 16 GB (2 x 8 GB) | Storage: 512 GB PCIe NVMe M.2 SSDDisplay: 14-Inch (35.6 cm) FHD IPS anti-glare micro-edge, 250 nits, 45% NTSC (1920 x 1080)Operating System & Software: Pre-loaded Windows 10 Home with lifetime validity | Pre-installed Microsoft Office Home & Student 2019, Alexa Built-inGraphics: Intel Iris Xe Graphics› See more product details",https://www.amazon.in/HP-Processor-14-inch-Windows-14s-dr2016tu/dp/B092MS22P1/ref=sr_1_41?dchild=1&keywords=laptop&qid=1629381863&sr=8-41
72,HP,"Victus by HP Ryzen 5 5600H 16.1-inch(40.9 cm) FHD Gaming Laptop (8GB RAM/512GB SSD/4GB GTX 1650 Graphics/Flicker Free Display/Windows 10/MS Office/Mica Silver/2.48 Kg), 16-e0075AX","₹67,990.00",4.3 out of 5 stars,32 ratings,"With Exchange Up to 17,750.00 off","Sunday, Aug 22",In stock.,"About this itemProcessor: 5th Gen AMD Ryzen 5 5600H (3.3GHz base clock speed, up to 4.2 GHz Max Boost Clock, 16MB L3 cache, 6 core, 12 threads)Memory & Storage: 8 GB DDR4-3200 MHz RAM, Up to 32 GB DDR4-3200 SDRAM (2 x 16 GB) | Storage: 512 GB PCIe NVMe TLC M.2 SSDDisplay: 40.9 cm (16.1"") diagonal, FHD (1920 x 1080), IPS, edge-to-edge, micro-edge, 250 nits, 137 ppi, Color Gamut: 45% NTSCGraphics & Networking: NVIDIA GeForce GTX 1650 (4 GB GDDR6 dedicated) | Realtek Wi-Fi 6 (2x2) and Bluetooth 5.2 combo (Supporting Gigabit data rate), MU-MIMO supported, Miracast CompatibleOperating System & Software: Pre-loaded Windows 10 Home with lifetime validity, Free upgrade to Windows 11* when available(Refer Microsoft Website) | Pre-installed Microsoft Office Home & Student 2019 | Alexa Built-in› See more product details",https://www.amazon.in/HP-16-1-inch-Graphics-Flicker-16-e0075AX/dp/B098QB1TPX/ref=sr_1_42?dchild=1&keywords=laptop&qid=1629381863&sr=8-42
73,ASUS,"ASUS VivoBook 14 (2020), Intel Core i3-1005G1 10th Gen, 14-Inch (35.56 cms) FHD Thin and Light Laptop (4GB RAM/1TB HDD/Windows 10/Integrated/Slate Grey/1.6 kg), X415JA-EK104T","₹33,990.00",3.6 out of 5 stars,387 ratings,"With Exchange Up to 17,750.00 off","Sunday, Aug 22",In stock.,"About this itemProcessor: 10th Gen Intel Core i3-1005G1, 1.2 GHz Base Speed, Up to 3.4 GHz Turboboost Speed, 2 cores, 4 Threads, 4MB CacheMemory & Storage: 4GB onboard DDR4 3200MHz RAM, Upgradeable up to 12GB using 1x SO-DIMM Slot with | Storage: 1TB HDD 2.5-inch SATA 5400RPM with empty M.2 2280 SlotGraphics: Integrated Intel UHD GraphicsDisplay: 14-inch LED-Backlit LCD, FHD (1920 x 1080) 16:9, 220nits, NanoEdge bezel, Anti-Glare Plane with 45% NTSC, 82% Screen-To-Body RatioOperating System: Pre-loaded Windows 10 Home with lifetime validityDesign & battery: Up to 19.9mm Thin | NanoEdge Bezels | Thin and Light Laptop | Laptop weight: 1.6 kg | 37WHrs, 2-cell Li-ion battery | Up to 6 hours battery life ;Note: Battery life depends on conditions of usageKeyboard: Chiclet Keyboard with 1.4mm Key Travel.",https://www.amazon.in/ASUS-VivoBook-i3-1005G1-Integrated-X415JA-EK104T/dp/B08S4NF565/ref=sr_1_43?dchild=1&keywords=laptop&qid=1629381863&sr=8-43
74,Lenovo,"Lenovo IdeaPad Slim 5 11th Gen Intel Core i5 15.6"" (39.63cm) FHD IPS Thin & Light Laptop (16GB/512GB SSD/Windows 10/MS Office/Nvidia GeForce MX450/Fingerprint Reader/Graphite Grey/1.66Kg), 82FG0148IN","₹72,603.00",4.1 out of 5 stars,61 ratings,"With Exchange Up to 17,750.00 off","Sunday, Aug 22",In stock.,"About this itemProcessor: 11th Gen Intel Tiger Lake Core i5-1135G7 | Speed: 2.4 GHz (Base) - 4.2 GHz (Max) | 4 Cores | 8MB CacheOS: Pre-Loaded Windows 10 Home with Lifetime ValidityPre-Installed: MS Office Home and Student 2019Memory and Storage: 16GB RAM DDR4-3200 | 512GB SSDGraphics: NVIDIA GeForce MX450 2GB GDDR6Display: 15.6"" Full HD (1920x1080) | Brightness: 300 nits | Anti-Glare | IPS Technology | 45% NTSCDesign: 1.79 cm Thin and 1.66 kg Light | Aluminium Material Top | Backlit Keyboard | Fingerprint Reader.",https://www.amazon.in/Lenovo-IdeaPad-Fingerprint-Graphite-82FG0148IN/dp/B096SKBM59/ref=sr_1_44?dchild=1&keywords=laptop&qid=1629381863&sr=8-44
75,Lenovo,"Lenovo IdeaPad Slim 3 10th Gen Intel Core i3 15.6"" (39.63cm) FHD Thin & Light Laptop (4GB/256GB SSD/Windows 10/MS Office/Intel UHD Graphics/2 Year Warranty/Platinum Grey/1.7Kg), 81WB0158IN","₹37,490.00",4.0 out of 5 stars,404 ratings,"With Exchange Up to 17,750.00 off","Sunday, Aug 22",In stock.,"About this itemProcessor: 10th Gen Intel Core i3-10110U | Speed: 2.1 GHz (Base) - 4.1 GHz (Max) | 2 Cores | 4MB CacheOS: Pre-Loaded Windows 10 Home with Lifetime ValidityPre-Installed: MS Office Home and Student 2019Memory and Storage: 4 GB RAM DDR4-2666 | Upgradable up to 12GB | 256 GB SSDGraphics: Integrated Intel UHD GraphicsDisplay: 15.6"" Full HD (1920x1080) | Brightness: 220 nits | Anti-GlareDesign: 1.99 cm Thin and 1.7 kg Light | Narrow Bezel.",https://www.amazon.in/Lenovo-Graphics-Warranty-Platinum-81WB0158IN/dp/B0999C7769/ref=sr_1_45?dchild=1&keywords=laptop&qid=1629381863&sr=8-45
76,Lenovo,"Lenovo IdeaPad Slim 5 11th Gen Intel Core i5 15.6"" (39.63cm) FHD IPS Thin & Light Laptop (8GB/1TB+256GB SSD/Windows 10/MS Office/Backlit Keyboard/Fingerprint Reader/Graphite Grey/1.66Kg), 82FG010BIN","₹62,003.00",4.0 out of 5 stars,151 ratings,"With Exchange Up to 17,750.00 off","Sunday, Aug 22",In stock.,"About this itemProcessor: 11th Gen Intel Tiger Lake Core i5-1135G7 | Speed: 2.4 GHz (Base) - 4.2 GHz (Max) | 4 Cores | 8MB CacheOS: Pre-Loaded Windows 10 Home with Lifetime ValidityPre-Installed: MS Office Home and Student 2019Memory and Storage: 8GB RAM DDR4-3200 | 1TB HDD + 256GB SSDGraphics: Intel Iris Xe Integrated GraphicsDisplay: 15.6"" Full HD (1920x1080) | Brightness: 300 nits | Anti-Glare | IPS Technology | 45% NTSCDesign: 1.79 cm Thin and 1.66 kg Light | Aluminium Material Top | Backlit Keyboard | Fingerprint Reader.",https://www.amazon.in/Lenovo-Keyboard-Fingerprint-Graphite-82FG010BIN/dp/B096SHMYJJ/ref=sr_1_46?dchild=1&keywords=laptop&qid=1629381863&sr=8-46
77,HP,"HP 15 (2021) Thin & Light 11th Gen Core i5 Laptop, 8 GB RAM, 512GB SSD, 15.6-inch (39.62 cms) FHD Screen, Windows 10, MS Office, Built-in Alexa (15s-fq2535TU)","₹64,990.00",4.2 out of 5 stars,"1,307 ratings","With Exchange Up to 17,750.00 off","Sunday, Aug 22",Only 1 left in stock.,"About this itemProcessor: 11th Gen Intel Core i5-1135G7 (up to 4.2 GHz with Intel Turbo Boost Technology, 8 MB L3 cache, 4 cores)Memory: 8 GB DDR4-2666 SDRAM (1 x 8 GB) | Storage: 512 GB PCIe NVMe M.2 SSDDisplay: 15.6-Inch FHD IPS anti-glare micro-edge WLED-backlit, 250 nits, 45% NTSC (1920 x 1080)Graphics: Intel UHD GraphicsOperating System & Pre-installed Software: Pre-loaded Windows 10 Home with lifetime validity, Microsoft Office Home & Student 2019› See more product details",https://www.amazon.in/HP-Laptop-15-6-inch-Windows-15s-fq2535TU/dp/B08XNYN5QV/ref=sr_1_47?dchild=1&keywords=laptop&qid=1629381863&sr=8-47
78,Dell,"Dell Inspiron 5406 11th Gen 14"" (35.56cms) FHD 2in1 Laptop( i3-1115G4 / 4GB / 256 SSD /Integrated Graphics/ Win 10/MS Office 19/ Active Pen/Platinum Silver),D560365WIN9S","₹51,999.00",3.7 out of 5 stars,64 ratings,"With Exchange Up to 17,750.00 off","Sunday, Aug 22",In stock.,"About this itemProcessor:11th Generation Intel Core i3-1115G4 Processor (6MB Cache, up to 4.1 GHz)Memory & Storage:4GB RAM 3200MHz | 256GB M.2 PCIe NVMe Solid State DriveDisplay:14.0-inch FHD (1920 x 1080) WVA LED-Backlit Touch DisplayGraphics:Intel UHD Graphics with shared graphics memoryOperating System & Software:Windows 10 Home Single Language | Microsoft Office Home and Student 2019 | McAfee Security Center 15 month subscriptionKeyboard & Battery:English-International Backlit Keyboard | 3-Cell Battery, 40WHrI/O ports:HDMI 2.0 Port | Two USB 3.2 Gen 1 ports |One Thunderbolt 4 port (Type-C) with Power Delivery | 1xHeadphone & Microphone Audio JackOthers:802.11ac 2x2 WiFi | Finger Print Reader | Waves MaxxAudio Pro |Active Pen› See more product details",https://www.amazon.in/gp/slredirect/picassoRedirect.html/ref=pa_sp_btf_aps_sr_pg3_1?ie=UTF8&adId=A031304949048BSLP8H5&url=%2FDell-Inspiron-i3-1115G4-Integrated-D560365WIN9S%2Fdp%2FB08MPVWYBQ%2Fref%3Dsr_1_48_sspa%3Fdchild%3D1%26keywords%3Dlaptop%26qid%3D1629381863%26sr%3D8-48-spons%26psc%3D1&qualifier=1629381863&id=6074144644504062&widgetName=sp_btf
79,ASUS,"ASUS TUF Gaming F15 Laptop 15.6"" (39.62 cms) FHD 144Hz, Intel Core i5-10300H 10th Gen, GeForce GTX 1650 4GB GDDR6 Graphics (8GB RAM/512GB NVMe SSD/Windows 10/Fortress Gray/2.30 Kg), FX566LH-HN257T","₹61,990.00",4.4 out of 5 stars,446 ratings,"With Exchange Up to 17,750.00 off","Sunday, Aug 22",In stock.,"About this itemProcessor: 10th Gen Intel Core i5-10300H Processor, 2.5 GHz (8MB Cache, up to 4.5 GHz, 4 Cores, 8 Threads)Access to over 100 high-quality PC games on Windows 10One-month subscription to Xbox Game Pass that’s included with the purchase of your deviceOperating System: Pre-loaded Windows 10 Home with lifetime validityMemory & Storage: 8GB DDR4 2933MHz RAM, Upgradeable up to 32GB using 2x SO-DIMM Slot| Storage: 512GB M.2 NVMe PCIe 3.0 SSD with empty 1x 2.5-inch SATA Slot for Storage ExpansionGraphics: Dedicated NVIDIA GeForce GTX 1650 GDDR6 4GB VRAMDisplay: 15.6-inch (16:9) LED-backlit FHD (1920x1080) 144Hz Refresh Rate, Anti-Glare IPS-level Panel with 45% NTSC.",https://www.amazon.in/gp/slredirect/picassoRedirect.html/ref=pa_sp_btf_aps_sr_pg3_1?ie=UTF8&adId=A057706132D6OMQQERFYT&url=%2FASUS-i5-10300H-Graphics-Fortress-FX566LH-HN257T%2Fdp%2FB08CRMTKMK%2Fref%3Dsr_1_49_sspa%3Fdchild%3D1%26keywords%3Dlaptop%26qid%3D1629381863%26sr%3D8-49-spons%26psc%3D1&qualifier=1629381863&id=6074144644504062&widgetName=sp_btf
80,Marico Ltd; C/O (S) Ameya Inc,"Parachute Advansed Body Lotion Deep Nourish, 400 ml",-,4.3 out of 5 stars,"17,859 ratings",Subscribe & Save: 5% 10% ₹190.95 (₹47.74 / 100 ml) Ships from: Amazon Sold by: Cloudtail India,"Sunday, Aug 22",In stock.,"About this itemParachute Advance Body Lotion has unique Cocolipid Formula which goes 10 layers deep** in the skin to boost your natural glowNon-sticky fast absorbing formula with unique moisture lock technology that prevents moisture lossEnriched with Coconut Milk & 100% Natural moisturizing properties, nourishes the skin making it soft and supple all day long!Ideal for extra dry skin. For MenContains 100% natural moisturizers* that nourish from deep within. Helps retain skin's natural moisture. And its fragrance…. You'd love it !!Apply the Parachute Advansed Deep Nourish Body Lotion generously all over your body after a bath or shower or before you go for a sweet night sleep and massage in circular motions, paying special attention to any dry areas.",https://www.amazon.in/gp/slredirect/picassoRedirect.html/ref=sspa_dk_rhf_search_pt_sub_0?ie=UTF8&adId=A0943466EVOAOH9WFPY6&adOffset=0&qualifier=1629381849&id=6480839321618609&widgetName=sp_rhf_search&url=%2FParachute-Advansed-Body-Lotion-Nourish%2Fdp%2FB00CBRJ34E%3Fpsc%3D1%26pd_rd_w%3DXDr34%26pf_rd_p%3Da458bc5b-bc65-4238-9284-07ecc9e72432%26pf_rd_r%3DKEWF2KFCCVEWCAVBANRJ%26pd_rd_r%3D8601966f-d9d1-4b48-b823-963b5a740552%26pd_rd_wg%3D0bdRL%26ref_%3Dsspa_dk_rhf_search_pt_sub_0
81,Samsung,"Samsung T5 500GB Up to 540MB/s USB 3.1 Gen 2 (10Gbps, Type-C) External Solid State Drive (Portable SSD) Alluring Blue (MU-PA500B)","₹5,999.00",4.6 out of 5 stars,"3,904 ratings",-,"Wednesday, Aug 25",In stock.,"About this itemPerformance of up to 540 MB/s, up to 4.9x faster than external HDDInterface: USB 3.1 Gen 2 (Up to 10Gbps). Backwards compatible. The host device and connection cable must support USB 3.1 Gen 2 to reach the maximum speed.Durable: Shock resistant internal frame lets the T5 withstand falls from up to 2mSecurity: Optional password protection and AES 256 bit hardware encryptionCompatibility: Windows 7, Mac OS X 10.9 (Mavericks), Android 4.4 (KitKat), or higher.Includes USB Type C to C and USB Type C to A cablesFor further queries, please contact us at 1800 30 7267864Country of Origin : South Korea› See more product details",https://www.amazon.in/gp/slredirect/picassoRedirect.html/ref=sspa_dk_rhf_search_pt_sub_1?ie=UTF8&adId=A102474932R6WXT4KFC8J&adOffset=0&qualifier=1629381849&id=6480839321618609&widgetName=sp_rhf_search&url=%2FSamsung-500GB-Portable-Solid-State%2Fdp%2FB074WZJ4MF%3Fpsc%3D1%26pd_rd_w%3DXDr34%26pf_rd_p%3Da458bc5b-bc65-4238-9284-07ecc9e72432%26pf_rd_r%3DKEWF2KFCCVEWCAVBANRJ%26pd_rd_r%3D8601966f-d9d1-4b48-b823-963b5a740552%26pd_rd_wg%3D0bdRL%26ref_%3Dsspa_dk_rhf_search_pt_sub_1
82,SellZone,SellZone Laptop Battery for Compaq 620,"₹1,999.00",-,-,-,"Wednesday, Aug 25",Only 2 left in stock.,About this itemGenuine Quality ProductCompatible For Specific ModelsPicture is For Reference OnlyTested Before Shipping1 Year Seller Replacement Warranty› See more product details,https://www.amazon.in/gp/slredirect/picassoRedirect.html/ref=sspa_dk_rhf_search_pt_sub_2?ie=UTF8&adId=A0691158XR9HCCHAINAR&adOffset=0&qualifier=1629381849&id=6480839321618609&widgetName=sp_rhf_search&url=%2FSellZone-Laptop-Battery-Compaq-620%2Fdp%2FB08L3DGRCZ%3Fpsc%3D1%26pd_rd_w%3DXDr34%26pf_rd_p%3Da458bc5b-bc65-4238-9284-07ecc9e72432%26pf_rd_r%3DKEWF2KFCCVEWCAVBANRJ%26pd_rd_r%3D8601966f-d9d1-4b48-b823-963b5a740552%26pd_rd_wg%3D0bdRL%26ref_%3Dsspa_dk_rhf_search_pt_sub_2
83,SellZone,SellZone Laptop Battery for Fujitsu LifeBook A Series AH532 A532 A512 GFX Laptop -BT,"₹2,989.00",-,-,-,"Friday, Aug 27",Only 2 left in stock.,About this itemGenuine Quality ProductTested Before ShippingPhysical damaged product is not covered under warrantyPicture is for reference onlyComapatible With Specific Models› See more product details,https://www.amazon.in/gp/slredirect/picassoRedirect.html/ref=sspa_dk_rhf_search_pt_sub_3?ie=UTF8&adId=A06918941418IAJ16FR9T&adOffset=0&qualifier=1629381849&id=6480839321618609&widgetName=sp_rhf_search&url=%2FSellZone-Laptop-Battery-Fujitsu-LifeBook%2Fdp%2FB08WKJDJG5%3Fpsc%3D1%26pd_rd_w%3DXDr34%26pf_rd_p%3Da458bc5b-bc65-4238-9284-07ecc9e72432%26pf_rd_r%3DKEWF2KFCCVEWCAVBANRJ%26pd_rd_r%3D8601966f-d9d1-4b48-b823-963b5a740552%26pd_rd_wg%3D0bdRL%26ref_%3Dsspa_dk_rhf_search_pt_sub_3
84,Logitech,"Logitech K230 Compact Wireless Keyboard for Windows, 2.4GHz Wireless with USB Unifying Receiver, Space-Saving Design, 2-Year Battery Life, PC/Laptop- Black",₹890.00,4.2 out of 5 stars,"10,750 ratings",-,"Tuesday, Aug 24",In stock.,"About this itemWIRELESS KEYBOARD: Reliable connection up to 10 m . Virtually no delays or dropouts-even in the busiest wireless environments-thanks to the mini Logitech USB Unifying receiver with Advanced 2.4 GHz wireless connectivity. Small enough to stay in your laptop and lets you add up to five compatible devices such as a wireless gaming mouse2 YEAR BATTERY LIFE: With the extended battery life and auto-sleep, you can write Facebook updates, emails and Yelp reviews for years without the hassle of changing batteriesSAVE SPACE WITHOUT MISSING A THING:The small compact wireless keyboard is about 36 Percent smaller than standard keyboards but still has all the standard keys-so doing the things you love is as easy as ever. Can be used with wired, wireless, Bluetooth or gaming micePERSONIZABLE: Want to make this sleek little keyboard a little more ""you""? The battery door on top of the keyboard doubles as a fun design element with light grey, pink and blue options you can swap to suit your mood or décorSYSTEM COMPATIBILITY: Windows-based PC,Windows XP, Windows Vista, Windows 7, Windows 8, Windows 10,USB portIN THE BOX:Keyboard,Nano-receiver, 2 AAA batteries, User documentation› See more product details",https://www.amazon.in/gp/slredirect/picassoRedirect.html/ref=sspa_dk_rhf_search_pt_sub_4?ie=UTF8&adId=A06575251C8AGOFKY9RTY&adOffset=0&qualifier=1629381849&id=6480839321618609&widgetName=sp_rhf_search&url=%2FLogitech-K230-Wireless-Keyboard%2Fdp%2FB01267B9CW%3Fpsc%3D1%26pd_rd_w%3DXDr34%26pf_rd_p%3Da458bc5b-bc65-4238-9284-07ecc9e72432%26pf_rd_r%3DKEWF2KFCCVEWCAVBANRJ%26pd_rd_r%3D8601966f-d9d1-4b48-b823-963b5a740552%26pd_rd_wg%3D0bdRL%26ref_%3Dsspa_dk_rhf_search_pt_sub_4
85,ZHEJIANG SHALOM ELECTRIC CO. LTD,Kubra KB-309 Professional Cordless Rechargeable LED Display Hair Clipper Heavy Duty for Hair and Beard Cut (White),"₹1,329.00",4.1 out of 5 stars,"4,768 ratings",-,"Sunday, Aug 22",In stock.,About this itemFully charge the product before first time use.LCD display shows battery capacity.Trimming Range: 0.5 - 12 mm.High-performance stainless steel blade.4 Adjustable taper control cutting length.,https://www.amazon.in/gp/slredirect/picassoRedirect.html/ref=sspa_dk_rhf_search_pt_sub_5?ie=UTF8&adId=A00848773CXGQQ33D04PU&adOffset=0&qualifier=1629381849&id=6480839321618609&widgetName=sp_rhf_search&url=%2FKubra-Professional-Cordless-Rechargeable-Display%2Fdp%2FB08963M5Q8%3Fpsc%3D1%26pd_rd_w%3DXDr34%26pf_rd_p%3Da458bc5b-bc65-4238-9284-07ecc9e72432%26pf_rd_r%3DKEWF2KFCCVEWCAVBANRJ%26pd_rd_r%3D8601966f-d9d1-4b48-b823-963b5a740552%26pd_rd_wg%3D0bdRL%26ref_%3Dsspa_dk_rhf_search_pt_sub_5
86,Maxelon,Maxelon™ Laptop Battery for HP Probook 4410S 4411S 4415S 4416S Series,"₹1,549.00",-,-,-,"Monday, Aug 23",In stock.,"About this itemCapacity 4000 mAh capacity, 6 cells, Voltage: 10.8v & Wattage:43whFast Charging Battery, Charging Time :Up to 2.5 hours ,Battery Life :Up to 2.5 hoursCompatible Models:HP ProBook 4410S Series Notebook PC, HP ProBook 4411S Series Notebook PC HP ProBook 4415S Series Notebook PC, HP ProBook 4416S Series Notebook PCFit for:HSTNN-DB90, HSTNN-XB90, HSTNNOB90, 513128-251, 513128-361, 535806-001, NZ374AA ,HSTNN-I60C-4 ,HSTNN-I61C-4, ZP06047, ZP06, NBP6A158B1, NBP6A158, 572032-001, 536418-001, 513128-321, 513128-261, 513128-251Box contains 1 pc battery & Manual & 1 Year WarrantyHigh Quality Laptop Battery› See more product details",https://www.amazon.in/gp/slredirect/picassoRedirect.html/ref=sspa_dk_rhf_search_pt_sub_6?ie=UTF8&adId=A05016553SRW8T03KBEEB&adOffset=0&qualifier=1629381849&id=6480839321618609&widgetName=sp_rhf_search&url=%2FMaxelonTM-Laptop-Battery-Probook-4410S%2Fdp%2FB08QZ8S8F5%3Fpsc%3D1%26pd_rd_w%3DXDr34%26pf_rd_p%3Da458bc5b-bc65-4238-9284-07ecc9e72432%26pf_rd_r%3DKEWF2KFCCVEWCAVBANRJ%26pd_rd_r%3D8601966f-d9d1-4b48-b823-963b5a740552%26pd_rd_wg%3D0bdRL%26ref_%3Dsspa_dk_rhf_search_pt_sub_6
