,Brand Name,"Smartphone Name,",Price(₹),Colour,RAM,Storage(ROM),Primary Camera,Secondary Camera,Display Size,Display Resolution,Processor,Processor Cores,Battery Capacity,Product URL
0,SAMSUNG Mobiles,"SAMSUNG Galaxy S20 (Cloud Pink, 128 GB)  (8 GB RAM)","₹74,000",Cloud Pink,8 GB,128 GB,64MP + 12MP + 12MP,10MP Front Camera,15.75 cm (6.2 inch),3200 x 1440 Pixels,Exynos 990,Octa Core,4000 mAh Lithium-ion Battery,https://www.flipkart.com/samsung-galaxy-s20-cloud-pink-128-gb/p/itm8e467fc585444?pid=MOBFZXZ2N3QFFFNZ&lid=LSTMOBFZXZ2N3QFFFNZFEC7TN&marketplace=FLIPKART&q=samsung+galaxy+s20%2B&store=tyy%2F4io&srno=s_1_1&otracker=search&otracker1=search&fm=SEARCH&iid=dc4688a0-f20a-4d03-bf1a-23cfb630fa50.MOBFZXZ2N3QFFFNZ.SEARCH&ppt=hp&ppn=homepage&ssid=hxe3j1yim80000001629491752681&qH=926cf5144bb33937
1,SAMSUNG Mobiles,"SAMSUNG Galaxy S20 (Cosmic Gray, 128 GB)  (8 GB RAM)","₹52,905",Cosmic Gray,8 GB,128 GB,64MP + 12MP + 12MP,10MP Front Camera,15.75 cm (6.2 inch),3200 x 1440 Pixels,Exynos 990,Octa Core,4000 mAh Lithium-ion Battery,https://www.flipkart.com/samsung-galaxy-s20-cosmic-gray-128-gb/p/itme0dd8ba18500f?pid=MOBFZXZ2VCCBNYHF&lid=LSTMOBFZXZ2VCCBNYHFP9EPIV&marketplace=FLIPKART&q=samsung+galaxy+s20%2B&store=tyy%2F4io&srno=s_1_2&otracker=search&otracker1=search&fm=SEARCH&iid=dc4688a0-f20a-4d03-bf1a-23cfb630fa50.MOBFZXZ2VCCBNYHF.SEARCH&ppt=hp&ppn=homepage&ssid=hxe3j1yim80000001629491752681&qH=926cf5144bb33937
2,SAMSUNG Mobiles,"SAMSUNG Galaxy S20 (Cloud Blue, 128 GB)  (8 GB RAM)","₹49,980",Cloud Blue,8 GB,128 GB,64MP + 12MP + 12MP,10MP Front Camera,15.75 cm (6.2 inch),3200 x 1440 Pixels,Exynos 990,Octa Core,4000 mAh Lithium-ion Battery,https://www.flipkart.com/samsung-galaxy-s20-cloud-blue-128-gb/p/itmce5175ce13e7e?pid=MOBFZXZ2RNFPRFGV&lid=LSTMOBFZXZ2RNFPRFGVGH5EMK&marketplace=FLIPKART&q=samsung+galaxy+s20%2B&store=tyy%2F4io&srno=s_1_3&otracker=search&otracker1=search&fm=SEARCH&iid=dc4688a0-f20a-4d03-bf1a-23cfb630fa50.MOBFZXZ2RNFPRFGV.SEARCH&ppt=hp&ppn=homepage&ssid=hxe3j1yim80000001629491752681&qH=926cf5144bb33937
3,SAMSUNG Mobiles,"SAMSUNG Galaxy S20 Ultra (Cosmic Gray, 128 GB)  (12 GB RAM)","₹67,990",Cosmic Gray,12 GB,128 GB,108 MP + 48 MP + 12 MP + VGA Depth Camera,40MP Front Camera,17.53 cm (6.9 inch),3200 x 1440 Pixels,Exynos 990,Octa Core,5000 mAh Lithium-ion Battery,https://www.flipkart.com/samsung-galaxy-s20-ultra-cosmic-gray-128-gb/p/itma25b4687846b4?pid=MOBFZXZ22CWZ2JZB&lid=LSTMOBFZXZ22CWZ2JZBMK1HSR&marketplace=FLIPKART&q=samsung+galaxy+s20%2B&store=tyy%2F4io&srno=s_1_4&otracker=search&otracker1=search&fm=SEARCH&iid=dc4688a0-f20a-4d03-bf1a-23cfb630fa50.MOBFZXZ22CWZ2JZB.SEARCH&ppt=hp&ppn=homepage&ssid=hxe3j1yim80000001629491752681&qH=926cf5144bb33937
4,SAMSUNG Mobiles,"SAMSUNG Galaxy S10 (Prism White, 512 GB)  (8 GB RAM)","₹92,000",Prism White,8 GB,512 GB,16MP + 12MP,10MP Front Camera,15.49 cm (6.1 inch),3040 x 1440 pixel,Exynos 9 9820,Octa Core,3400 mAh Lithium-ion Battery,https://www.flipkart.com/samsung-galaxy-s10-prism-white-512-gb/p/itmfdyp6ydvhczvg?pid=MOBFDNHARGTYX5YG&lid=LSTMOBFDNHARGTYX5YGZPHCFJ&marketplace=FLIPKART&q=samsung+galaxy+s20%2B&store=tyy%2F4io&srno=s_1_5&otracker=search&otracker1=search&fm=SEARCH&iid=dc4688a0-f20a-4d03-bf1a-23cfb630fa50.MOBFDNHARGTYX5YG.SEARCH&ppt=hp&ppn=homepage&ssid=hxe3j1yim80000001629491752681&qH=926cf5144bb33937
5,SAMSUNG Mobiles,"SAMSUNG Galaxy S20+ (Cosmic Gray, 128 GB)  (8 GB RAM)","₹54,999",Cosmic Gray,8 GB,128 GB,64 MP + 12 MP +12 MP + VGA Depth Camera,10MP Front Camera,17.02 cm (6.7 inch),3200 x 1440 Pixels,Exynos 990,Octa Core,4500 mAh Lithium-ion Battery,https://www.flipkart.com/samsung-galaxy-s20-cosmic-gray-128-gb/p/itm7087be7ae167c?pid=MOBFZXZ25TPA68VH&lid=LSTMOBFZXZ25TPA68VHU5XEKN&marketplace=FLIPKART&q=samsung+galaxy+s20%2B&store=tyy%2F4io&srno=s_1_6&otracker=search&otracker1=search&fm=SEARCH&iid=dc4688a0-f20a-4d03-bf1a-23cfb630fa50.MOBFZXZ25TPA68VH.SEARCH&ppt=hp&ppn=homepage&ssid=hxe3j1yim80000001629491752681&qH=926cf5144bb33937
6,SAMSUNG Mobiles,"SAMSUNG Galaxy S20 FE (Cloud White, 128 GB)  (8 GB RAM)","₹37,999",Cloud White,8 GB,128 GB,12MP + 12MP + 8MP Rear Camera,32MP Front Camera,16.51 cm (6.5 inch),2400 x 1080 Pixels,Exynos Octa Core,Octa Core,4500 mAh Lithium Ion Battery,https://www.flipkart.com/samsung-galaxy-s20-fe-cloud-white-128-gb/p/itm43c3c96db2180?pid=MOBFWAVTMGYNUDHW&lid=LSTMOBFWAVTMGYNUDHW6E1W6T&marketplace=FLIPKART&q=samsung+galaxy+s20%2B&store=tyy%2F4io&srno=s_1_7&otracker=search&otracker1=search&fm=SEARCH&iid=dc4688a0-f20a-4d03-bf1a-23cfb630fa50.MOBFWAVTMGYNUDHW.SEARCH&ppt=hp&ppn=homepage&ssid=hxe3j1yim80000001629491752681&qH=926cf5144bb33937
7,SAMSUNG Mobiles,"SAMSUNG Galaxy S20 FE (Cloud Mint, 128 GB)  (8 GB RAM)","₹37,999",Cloud Mint,8 GB,128 GB,12MP + 12MP + 8MP Rear Camera,32MP Front Camera,16.51 cm (6.5 inch),2400 x 1080 Pixels,Exynos Octa Core,Octa Core,4500 mAh Lithium Ion Battery,https://www.flipkart.com/samsung-galaxy-s20-fe-cloud-mint-128-gb/p/itm7fa1752323997?pid=MOBFWAVTKRH6GFQG&lid=LSTMOBFWAVTKRH6GFQGIXJDO8&marketplace=FLIPKART&q=samsung+galaxy+s20%2B&store=tyy%2F4io&srno=s_1_8&otracker=search&otracker1=search&fm=SEARCH&iid=dc4688a0-f20a-4d03-bf1a-23cfb630fa50.MOBFWAVTKRH6GFQG.SEARCH&ppt=hp&ppn=homepage&ssid=hxe3j1yim80000001629491752681&qH=926cf5144bb33937
8,SAMSUNG Mobiles,"SAMSUNG Galaxy S20 FE (Cloud Navy, 128 GB)  (8 GB RAM)","₹37,999",Cloud Navy,8 GB,128 GB,12MP + 12MP + 8MP Rear Camera,32MP Front Camera,16.51 cm (6.5 inch),2400 x 1080 Pixels,Exynos Octa Core,Octa Core,4500 mAh Lithium Ion Battery,https://www.flipkart.com/samsung-galaxy-s20-fe-cloud-navy-128-gb/p/itm90f8fb032ae3c?pid=MOBFWAVTQNMETGGG&lid=LSTMOBFWAVTQNMETGGGIJYV5O&marketplace=FLIPKART&q=samsung+galaxy+s20%2B&store=tyy%2F4io&srno=s_1_9&otracker=search&otracker1=search&fm=SEARCH&iid=dc4688a0-f20a-4d03-bf1a-23cfb630fa50.MOBFWAVTQNMETGGG.SEARCH&ppt=hp&ppn=homepage&ssid=hxe3j1yim80000001629491752681&qH=926cf5144bb33937
9,SAMSUNG Mobiles,"SAMSUNG Galaxy S20 FE (Cloud Lavender, 128 GB)  (8 GB RAM)","₹37,999",Cloud Lavender,8 GB,128 GB,12MP + 12MP + 8MP Rear Camera,32MP Front Camera,16.51 cm (6.5 inch),2400 x 1080 Pixels,Exynos Octa Core,Octa Core,4500 mAh Lithium Ion Battery,https://www.flipkart.com/samsung-galaxy-s20-fe-cloud-lavender-128-gb/p/itm963c7deda5fe1?pid=MOBFWAVTM5YD3JNE&lid=LSTMOBFWAVTM5YD3JNERH5YQZ&marketplace=FLIPKART&q=samsung+galaxy+s20%2B&store=tyy%2F4io&srno=s_1_10&otracker=search&otracker1=search&fm=SEARCH&iid=dc4688a0-f20a-4d03-bf1a-23cfb630fa50.MOBFWAVTM5YD3JNE.SEARCH&ppt=hp&ppn=homepage&ssid=hxe3j1yim80000001629491752681&qH=926cf5144bb33937
10,SAMSUNG Mobiles,"SAMSUNG Galaxy S20 Ultra (Cosmic Black, 128 GB)  (12 GB RAM)","₹70,999",Cosmic Black,12 GB,128 GB,108 MP + 48 MP + 12 MP + VGA Depth Camera,40MP Front Camera,17.53 cm (6.9 inch),3200 x 1440 Pixels,Exynos 990,Octa Core,5000 mAh Lithium-ion Battery,https://www.flipkart.com/samsung-galaxy-s20-ultra-cosmic-black-128-gb/p/itm93002a3533291?pid=MOBFZXZ2D7UTXHEH&lid=LSTMOBFZXZ2D7UTXHEHYKGG2V&marketplace=FLIPKART&q=samsung+galaxy+s20%2B&store=tyy%2F4io&srno=s_1_11&otracker=search&otracker1=search&fm=SEARCH&iid=dc4688a0-f20a-4d03-bf1a-23cfb630fa50.MOBFZXZ2D7UTXHEH.SEARCH&ppt=hp&ppn=homepage&ssid=hxe3j1yim80000001629491752681&qH=926cf5144bb33937
11,SAMSUNG Mobiles,"SAMSUNG Galaxy S6 Edge (Black Sapphire, 32 GB)  (3 GB RAM)","₹37,299",-,0 0 Octa Core 2.1GHz,Android Lollipop 5,16MP Rear Camera,5MP Front Camera,"Stereo headset, Travel Adaptor, Data Cable, Handset",SM-G925IZKAINS / SM-G925IZKAINU,2560 X 1440 Pixels,Quad HD,2600 mAh Battery,https://www.flipkart.com/samsung-galaxy-s6-edge-black-sapphire-32-gb/p/itme5z4azvgnwqhm?pid=MOBE5Z49V4ZHZPRH&lid=LSTMOBE5Z49V4ZHZPRHN7KYFG&marketplace=FLIPKART&q=samsung+galaxy+s20%2B&store=tyy%2F4io&srno=s_1_12&otracker=search&otracker1=search&fm=SEARCH&iid=dc4688a0-f20a-4d03-bf1a-23cfb630fa50.MOBE5Z49V4ZHZPRH.SEARCH&ppt=hp&ppn=homepage&ssid=hxe3j1yim80000001629491752681&qH=926cf5144bb33937
12,SAMSUNG Mobiles,"SAMSUNG Galaxy A20s (Black, 64 GB)  (4 GB RAM)","₹14,900",Black,4 GB,64 GB,13MP + 8MP + 5MP,8MP Front Camera,16.51 cm (6.5 inch),720 x 1520 Pixels,Qualcomm SDM450-B01,Octa Core,4000 mAh Lithium Ion Battery,https://www.flipkart.com/samsung-galaxy-a20s-black-64-gb/p/itm031a57b9d6b08?pid=MOBFKKGRPQDS98WH&lid=LSTMOBFKKGRPQDS98WHMTI8EX&marketplace=FLIPKART&q=samsung+galaxy+s20%2B&store=tyy%2F4io&srno=s_1_13&otracker=search&otracker1=search&fm=SEARCH&iid=dc4688a0-f20a-4d03-bf1a-23cfb630fa50.MOBFKKGRPQDS98WH.SEARCH&ppt=hp&ppn=homepage&ssid=hxe3j1yim80000001629491752681&qH=926cf5144bb33937
13,SAMSUNG Mobiles,"SAMSUNG Galaxy S10 Plus (Ceramic White, 1 TB)  (12 GB RAM)","₹1,17,990",Ceramic White,12 GB,1 TB,16MP + 12MP,10MP + 8MP Dual Front Camera,16.26 cm (6.4 inch),3040 x 1440 pixel,Exynos 9 9820,Octa Core,4100 mAh Lithium-ion Battery,https://www.flipkart.com/samsung-galaxy-s10-plus-ceramic-white-1-tb/p/itmfdyp6yc3fu2fg?pid=MOBFDNMZC29CBUPF&lid=LSTMOBFDNMZC29CBUPFT0HVQQ&marketplace=FLIPKART&q=samsung+galaxy+s20%2B&store=tyy%2F4io&srno=s_1_14&otracker=search&otracker1=search&fm=SEARCH&iid=dc4688a0-f20a-4d03-bf1a-23cfb630fa50.MOBFDNMZC29CBUPF.SEARCH&ppt=hp&ppn=homepage&ssid=hxe3j1yim80000001629491752681&qH=926cf5144bb33937
14,SAMSUNG Mobiles,"SAMSUNG Galaxy S10 Plus (Ceramic Black, 512 GB)  (8 GB RAM)","₹91,900",Ceramic Black,8 GB,512 GB,16MP + 12MP,10MP + 8MP Dual Front Camera,16.26 cm (6.4 inch),3040 x 1440 pixel,Exynos 9 9820,Octa Core,4100 mAh Lithium-ion Battery,https://www.flipkart.com/samsung-galaxy-s10-plus-ceramic-black-512-gb/p/itmfdyp69zhpygfz?pid=MOBFDNHAEBRVM7NZ&lid=LSTMOBFDNHAEBRVM7NZPLXPQI&marketplace=FLIPKART&q=samsung+galaxy+s20%2B&store=tyy%2F4io&srno=s_1_15&otracker=search&otracker1=search&fm=SEARCH&iid=dc4688a0-f20a-4d03-bf1a-23cfb630fa50.MOBFDNHAEBRVM7NZ.SEARCH&ppt=hp&ppn=homepage&ssid=hxe3j1yim80000001629491752681&qH=926cf5144bb33937
15,SAMSUNG Mobiles,"SAMSUNG Galaxy A30s (Prism Crush Black, 128 GB)  (4 GB RAM)","₹17,999",Prism Crush Black,4 GB,128 GB,25MP + 5MP + 8MP,16MP Front Camera,16.26 cm (6.4 inch),1920 x 1080 Pixels,Exynos 7904,Octa Core,4000 mAh Li-ion Battery,https://www.flipkart.com/samsung-galaxy-a30s-prism-crush-black-128-gb/p/itmf1ed0ae20227d?pid=MOBFNZGEBGYMQCYP&lid=LSTMOBFNZGEBGYMQCYPJOQLK1&marketplace=FLIPKART&q=samsung+galaxy+s20%2B&store=tyy%2F4io&srno=s_1_16&otracker=search&otracker1=search&fm=SEARCH&iid=dc4688a0-f20a-4d03-bf1a-23cfb630fa50.MOBFNZGEBGYMQCYP.SEARCH&ppt=hp&ppn=homepage&ssid=hxe3j1yim80000001629491752681&qH=926cf5144bb33937
16,SAMSUNG Mobiles,"SAMSUNG Galaxy M30S (Black, 128 GB)  (4 GB RAM)","₹15,499",Black,4 GB,128 GB,48MP + 8MP,16MP Front Camera,16.26 cm (6.4 inch),2340 x 1080$$pixel,Octa Core,2.3 GHz,6000 mAh Battery,https://www.flipkart.com/samsung-galaxy-m30s-black-128-gb/p/itm91339c429de64?pid=MOBFSHFB6MXGJNH6&lid=LSTMOBFSHFB6MXGJNH6HIRTHU&marketplace=FLIPKART&q=samsung+galaxy+s20%2B&store=tyy%2F4io&srno=s_1_17&otracker=search&otracker1=search&fm=SEARCH&iid=dc4688a0-f20a-4d03-bf1a-23cfb630fa50.MOBFSHFB6MXGJNH6.SEARCH&ppt=hp&ppn=homepage&ssid=hxe3j1yim80000001629491752681&qH=926cf5144bb33937
17,SAMSUNG Mobiles,"SAMSUNG Galaxy A30s (Prism Crush Violet, 128 GB)  (4 GB RAM)","₹19,900",Prism Crush Violet,4 GB,128 GB,25MP + 5MP + 8MP,16MP Front Camera,16.26 cm (6.4 inch),1920 x 1080 Pixels,Exynos 7904,Octa Core,4000 mAh Li-ion Battery,https://www.flipkart.com/samsung-galaxy-a30s-prism-crush-violet-128-gb/p/itmb6bec3b228ab7?pid=MOBFNZGE5GNBCGVZ&lid=LSTMOBFNZGE5GNBCGVZHYVVCL&marketplace=FLIPKART&q=samsung+galaxy+s20%2B&store=tyy%2F4io&srno=s_1_18&otracker=search&otracker1=search&fm=SEARCH&iid=dc4688a0-f20a-4d03-bf1a-23cfb630fa50.MOBFNZGE5GNBCGVZ.SEARCH&ppt=hp&ppn=homepage&ssid=hxe3j1yim80000001629491752681&qH=926cf5144bb33937
18,SAMSUNG Mobiles,"SAMSUNG Galaxy M30S (Blue, 128 GB)  (4 GB RAM)","₹13,990",Blue,4 GB,128 GB,48MP + 8MP,16MP Front Camera,16.26 cm (6.4 inch),2340 x 1080$$pixel,Octa Core,2.3 GHz,6000 mAh Battery,https://www.flipkart.com/samsung-galaxy-m30s-blue-128-gb/p/itm79f7239a3b086?pid=MOBFSHFBFGNWPSXF&lid=LSTMOBFSHFBFGNWPSXFSC5AKQ&marketplace=FLIPKART&q=samsung+galaxy+s20%2B&store=tyy%2F4io&srno=s_1_19&otracker=search&otracker1=search&fm=SEARCH&iid=dc4688a0-f20a-4d03-bf1a-23cfb630fa50.MOBFSHFBFGNWPSXF.SEARCH&ppt=hp&ppn=homepage&ssid=hxe3j1yim80000001629491752681&qH=926cf5144bb33937
19,SAMSUNG Mobiles,"SAMSUNG Galaxy M30s (Blue, 64 GB)  (4 GB RAM)","₹14,090",Blue,4 GB,64 GB,48MP Rear Camera,16MP Front Camera,16.26 cm (6.4 inch),2340 x 1080$$Pixels,Exynos 9611,Octa Core,6000 mAh Battery,https://www.flipkart.com/samsung-galaxy-m30s-blue-64-gb/p/itmd5730f5bdb0b1?pid=MOBFKZ78EV34ZQRY&lid=LSTMOBFKZ78EV34ZQRYIUKL98&marketplace=FLIPKART&q=samsung+galaxy+s20%2B&store=tyy%2F4io&srno=s_1_20&otracker=search&otracker1=search&fm=SEARCH&iid=dc4688a0-f20a-4d03-bf1a-23cfb630fa50.MOBFKZ78EV34ZQRY.SEARCH&ppt=hp&ppn=homepage&ssid=hxe3j1yim80000001629491752681&qH=926cf5144bb33937
20,SAMSUNG Mobiles,"SAMSUNG Galaxy A20s (Green, 64 GB)  (4 GB RAM)","₹13,695",Green,4 GB,64 GB,13MP + 8MP + 5MP,8MP Front Camera,16.51 cm (6.5 inch),720 x 1520 Pixels,Qualcomm SDM450-B01,Octa Core,4000 mAh Lithium Ion Battery,https://www.flipkart.com/samsung-galaxy-a20s-green-64-gb/p/itmaf4056b5ecee4?pid=MOBFKKGRAC5NQH97&lid=LSTMOBFKKGRAC5NQH97CEUEH7&marketplace=FLIPKART&q=samsung+galaxy+s20%2B&store=tyy%2F4io&srno=s_1_21&otracker=search&otracker1=search&fm=SEARCH&iid=dc4688a0-f20a-4d03-bf1a-23cfb630fa50.MOBFKKGRAC5NQH97.SEARCH&ppt=hp&ppn=homepage&ssid=hxe3j1yim80000001629491752681&qH=926cf5144bb33937
21,SAMSUNG Mobiles,"SAMSUNG Galaxy A30s (Prism Crush White, 128 GB)  (4 GB RAM)","₹19,900",Prism Crush White,4 GB,128 GB,25MP + 5MP + 8MP,16MP Front Camera,16.26 cm (6.4 inch),1920 x 1080 Pixels,Exynos 7904,Octa Core,4000 mAh Li-ion Battery,https://www.flipkart.com/samsung-galaxy-a30s-prism-crush-white-128-gb/p/itmac7e3f9b42dfa?pid=MOBFNZGE7KUYX5YK&lid=LSTMOBFNZGE7KUYX5YKOPYTCN&marketplace=FLIPKART&q=samsung+galaxy+s20%2B&store=tyy%2F4io&srno=s_1_22&otracker=search&otracker1=search&fm=SEARCH&iid=dc4688a0-f20a-4d03-bf1a-23cfb630fa50.MOBFNZGE7KUYX5YK.SEARCH&ppt=hp&ppn=homepage&ssid=hxe3j1yim80000001629491752681&qH=926cf5144bb33937
22,SAMSUNG Mobiles,"SAMSUNG Galaxy A20s (Green, 32 GB)  (3 GB RAM)","₹11,599",Green,3 GB,32 GB,13MP + 8MP + 5MP,8MP Front Camera,16.51 cm (6.5 inch),720 x 1520 Pixels,Qualcomm SDM450-B01,Octa Core,4000 mAh Lithium Ion Battery,https://www.flipkart.com/samsung-galaxy-a20s-green-32-gb/p/itm8d67a186289e8?pid=MOBFKKGRKBTNANRH&lid=LSTMOBFKKGRKBTNANRHIAMHCQ&marketplace=FLIPKART&q=samsung+galaxy+s20%2B&store=tyy%2F4io&srno=s_1_23&otracker=search&otracker1=search&fm=SEARCH&iid=dc4688a0-f20a-4d03-bf1a-23cfb630fa50.MOBFKKGRKBTNANRH.SEARCH&ppt=hp&ppn=homepage&ssid=hxe3j1yim80000001629491752681&qH=926cf5144bb33937
23,SAMSUNG Mobiles,"SAMSUNG Galaxy A20s (Blue, 32 GB)  (3 GB RAM)","₹11,599",Blue,3 GB,32 GB,13MP + 8MP + 5MP,8MP Front Camera,16.51 cm (6.5 inch),720 x 1520 Pixels,Qualcomm SDM450-B01,Octa Core,4000 mAh Lithium Ion Battery,https://www.flipkart.com/samsung-galaxy-a20s-blue-32-gb/p/itmf6f28dfda35a8?pid=MOBFKKGRNXCA4FTW&lid=LSTMOBFKKGRNXCA4FTWLXSFTT&marketplace=FLIPKART&q=samsung+galaxy+s20%2B&store=tyy%2F4io&srno=s_1_24&otracker=search&otracker1=search&fm=SEARCH&iid=dc4688a0-f20a-4d03-bf1a-23cfb630fa50.MOBFKKGRNXCA4FTW.SEARCH&ppt=hp&ppn=homepage&ssid=hxe3j1yim80000001629491752681&qH=926cf5144bb33937
